district,county,population,lat,long
1,1,1549,36.7526215,-109.8472295
1,1,4491,36.7552563,-109.3680582
1,1,5348,35.9506832,-109.14614160000001
1,1,5495,36.3889115,-109.316317
1,1,4021,36.1534278,-109.6853411
1,1,3608,36.1701171,-109.4799539
1,1,3789,36.3300438,-109.7600217
1,1,2685,35.984412,-109.6033735
1,1,3369,35.6217526,-109.3752943
1,1,4201,35.5760801,-109.7284117
1,1,4133,35.706181,-109.1164586
1,1,3589,35.4164983,-109.1802743
1,1,2132,35.0870836,-109.3201073
1,1,2569,34.5195529,-109.3036715
1,1,2610,34.7804394,-109.5695138
1,1,3216,34.3155138,-109.2663052
1,1,4449,34.111854,-109.2865313
1,1,4767,33.9271551,-109.5146032
1,3,1071,32.2358444,-109.3276066
1,3,745,32.0420304,-109.545964
1,3,3098,32.2867224,-109.9856787
1,3,3382,32.2379491,-109.8162616
1,3,2540,32.0384375,-109.8463404
1,3,4029,31.9582989,-110.3045946
1,3,3400,32.200019,-110.2836792
1,3,2328,31.8583077,-110.3488921
1,3,2681,31.9576604,-110.1522855
1,3,2084,31.7988342,-110.0286429
1,3,1924,31.693002,-109.4347432
1,3,921,31.4830774,-109.7199421
1,3,2063,31.5362981,-109.6025499
1,3,2600,31.4446761,-109.4183013
1,3,4833,31.3644348,-109.4911064
1,3,5130,31.380745,-109.5244977
1,3,3305,31.3389567,-109.55035
1,3,2684,31.3532519,-109.5503303
1,3,1464,31.5294519,-109.8948529
1,3,3103,31.379947,-109.8356632
1,3,2753,31.4646753,-110.0397849
1,3,2333,31.7189466,-110.2919959
1,3,2788,31.6737824,-110.3991268
1,3,3437,31.6101997,-110.3092853
1,3,1802,31.5071568,-110.3621165
1,3,3329,31.5450043,-110.296769
1,3,3633,31.5620233,-110.2997864
1,3,5280,31.5597818,-110.2836592
1,3,3038,31.5575249,-110.2676901
1,3,4355,31.5468536,-110.2490685
1,3,3658,31.5741144,-110.1933318
1,3,5039,31.5432817,-110.2155619
1,3,5649,31.5250418,-110.2679189
1,3,3372,31.5391977,-110.2777759
1,3,7114,31.478861,-110.2729554
1,3,5453,31.4740464,-110.2417853
1,3,4295,31.4849732,-110.1681517
1,3,4734,31.3912782,-110.262153
1,5,3395,35.1842267,-111.5562321
1,5,5375,35.2731014,-111.5396656
1,5,5547,35.3071243,-111.3838286
1,5,3528,34.8019504,-111.1794127
1,5,3696,36.7493591,-111.0190583
1,5,3888,36.0513606,-111.1899102
1,5,3342,35.7381569,-111.0325471
1,5,4056,36.1249476,-111.2520343
1,7,2908,34.3038564,-111.5611224
1,7,2132,34.3326171,-111.1381778
1,7,5775,34.2430422,-111.3385901
1,7,3042,34.0799015,-111.4297528
1,7,5307,34.2901451,-111.2569524
1,7,5706,34.1660965,-111.2387537
1,7,1569,34.0978185,-111.0155491
1,7,1695,33.7754809,-111.0929434
1,7,1099,33.452695,-110.9371613
1,7,2502,33.3973227,-110.8447033
1,7,4605,33.6236514,-110.7161952
1,7,3660,33.4138812,-110.765111
1,7,4872,33.2947891,-110.7760408
1,7,1044,33.1461311,-110.8030259
1,7,1825,33.8847663,-110.3394452
1,7,5531,33.4885424,-110.4235097
1,9,4720,33.301443,-109.9890866
1,9,4849,32.9491802,-109.9028859
1,9,3918,32.8638683,-109.75446
1,9,4102,32.8057813,-109.8012174
1,9,3083,32.8303303,-109.7184684
1,9,5293,32.8141246,-109.7192896
1,9,4702,32.6273007,-109.4307135
1,9,2563,32.7156277,-110.0977676
1,9,5303,32.8913628,-109.5331779
1,11,2951,33.4834297,-109.2829279
1,11,4084,32.9929864,-109.3323888
1,11,2528,32.7537823,-109.1416554
1,17,1258,36.291957,-110.2982373
1,17,2642,36.0217696,-110.1118375
1,17,3040,36.1694977,-110.1756033
1,17,2643,36.0383191,-110.6137878
1,17,3790,35.7509151,-110.3264235
1,17,2382,35.4148965,-110.0036724
1,17,4071,35.3510601,-110.4421656
1,17,4282,34.1330067,-110.3414721
1,17,4597,33.853378,-109.9788321
1,17,3116,33.7298265,-109.926978
1,17,2231,36.6840509,-110.6114408
1,17,2682,36.8522588,-110.1152414
1,17,4808,36.715273,-110.2384406
1,17,1813,35.0823669,-110.0053042
1,17,3498,34.8537838,-110.0427443
1,17,3580,35.1110317,-110.5813952
1,17,3618,34.8941297,-110.448289
1,17,4453,35.1103802,-110.7070767
1,17,3454,34.1607418,-109.9934566
1,17,3414,34.2152651,-110.0117145
1,17,3664,34.2144605,-110.0462097
1,17,1567,34.1334069,-109.9639251
1,17,1286,34.1180935,-109.943925
1,17,5090,34.5743946,-110.2657888
1,17,3478,34.6202365,-109.9875343
1,17,1855,34.409618,-110.5457694
1,17,4508,34.440682,-110.0453193
1,17,1864,34.4126384,-110.5865747
1,17,1559,34.4058906,-110.5058876
1,17,2724,34.2915391,-110.1683208
1,17,1872,34.230354,-110.1010661
1,17,1047,34.123774,-109.9094857
1,17,947,34.1239444,-109.8771106
1,17,2446,34.2595367,-110.0743124
1,17,2763,34.2610777,-110.0414366
1,17,1525,34.2159046,-109.9107823
1,17,3150,34.3330339,-110.0047372
1,19,5103,32.2740612,-110.72478
1,19,2026,32.4001644,-110.6185523
1,19,5242,32.1497781,-110.5711158
1,19,8543,32.0765828,-110.7438548
1,19,5402,32.1204197,-110.7253416
1,19,4270,32.0620712,-110.7017885
1,19,5908,31.8894426,-110.6151708
1,19,7335,31.9460601,-110.7655209
1,19,5516,31.8500191,-110.7833772
1,19,3689,31.875496,-110.972789
1,19,4107,31.8172034,-110.9350277
1,19,2411,31.8893032,-110.945907
1,19,3389,31.8734718,-110.9841747
1,19,4529,32.0273642,-111.2708388
1,19,3106,31.7500778,-111.3591984
1,19,3160,31.8736368,-110.9930679
1,19,3020,31.789241,-111.0148197
1,19,1914,31.8204799,-111.0919521
1,19,4054,31.9323604,-110.9733153
1,19,5257,31.9439239,-111.0346923
1,19,3425,31.8436993,-111.0372744
1,19,1806,31.8565598,-111.0026339
1,19,1818,31.8694458,-111.0155247
1,19,2360,31.8907711,-111.0020221
1,19,1411,31.880825,-111.0114759
1,19,6585,32.1238528,-111.1570535
1,19,5798,32.4435325,-111.3215581
1,19,4108,32.3354012,-111.1799972
1,19,3857,32.131615,-111.3141621
1,19,6305,32.3829457,-111.4550797
1,19,2673,32.3494027,-111.0916376
1,19,3274,32.4316723,-111.2554718
1,19,6579,32.4088335,-111.1833437
1,19,3208,32.2132631,-111.168207
1,19,4883,32.3870961,-111.1442048
1,19,3086,32.3719004,-111.1126771
1,19,3542,32.375874,-111.1261633
1,19,3208,32.345265499999996,-111.1093926
1,19,4758,32.3511105,-111.1274296
1,19,2162,32.388118,-111.0635509
1,19,3623,32.3844195,-111.0383759
1,19,1892,32.4081761,-111.0348829
1,19,5188,32.4031958,-110.9893822
1,19,7100,32.4168477,-110.9869521
1,19,5243,32.4032681,-111.0987958
1,19,6933,32.4623919,-110.9936889
1,19,3847,32.4311735,-110.9884729
1,19,4918,32.434295,-110.9530122
1,19,4158,32.4847191,-110.9509149
1,19,2579,32.3688821,-111.0576095
1,19,5591,32.3719508,-111.0733943
1,19,6691,32.4720237,-111.1476931
1,19,1630,32.4757317,-111.0349044
1,19,5778,32.4354038,-111.0595232
1,19,4647,32.4986703,-110.9048382
1,19,2886,32.4744949,-110.8618807
1,19,3604,32.4123628,-110.8318648
1,19,3871,32.2429338,-110.7277103
1,19,3997,31.9690517,-111.8293137
1,19,2421,32.1975179,-112.3172296
1,21,5996,33.3617396,-111.2381286
1,21,2418,33.2774212,-111.0850209
1,21,6079,32.5226621,-110.9026082
1,21,4731,32.5506259,-110.8592663
1,21,3114,32.6060297,-110.6471133
1,21,5548,32.7476259,-111.1996372
1,21,6168,33.0423041,-111.2722291
1,21,3180,32.572142,-111.520831
1,21,4068,32.8401884,-110.8896496
1,21,2109,33.1734414,-111.1026491
1,21,1420,32.8240189,-110.5867622
1,23,2965,31.5664619,-110.6410279
1,23,3068,31.6437417,-111.0437434
1,23,1209,31.412766,-110.9438111
1,23,2091,31.4535648,-111.1181423
1,23,1647,31.4614664,-111.0176299
1,23,6249,31.4430385,-110.987498
1,23,3261,31.4563293,-110.8401292
1,23,1547,31.4586955,-110.8945715
1,23,6011,31.4597107,-110.9549123
1,23,4751,31.3636472,-110.9638634
1,23,4243,31.3729012,-110.8992853
1,23,3379,31.35567,-110.9236065
1,23,3230,31.349749,-110.947213
1,23,4018,31.341319,-110.942013
2,13,6632,33.7031905,-112.3063617
2,13,2223,33.7675559,-112.3036934
2,13,4959,33.6103118,-112.2784919
2,13,3721,33.628581,-112.2828839
2,13,4183,33.6251239,-112.2657735
2,13,5603,33.6235809,-112.2284614
2,13,4402,33.6032519,-112.2114133
2,13,3890,33.631369,-112.2099467
2,13,6246,33.6029139,-112.2289092
2,13,1758,33.6185011,-112.2129207
2,13,3896,33.6307614,-112.245213
2,13,3704,33.6164861,-112.2476616
2,13,4561,33.6033854,-112.260685
2,13,3961,33.6010767,-112.2466222
2,13,5090,33.5901306,-112.2765983
2,13,6435,33.588797,-112.2115599
2,13,6331,33.5740472,-112.2472931
2,13,4178,33.5726323,-112.2661232
2,13,7132,33.5884666,-112.2289674
2,13,3246,33.5737302,-112.228584
2,13,2695,33.5857869,-112.255389
2,13,5423,33.5892199,-112.2456888
2,13,3245,33.5742426,-112.215934
2,13,3617,33.5743756,-112.2072845
2,13,4286,33.5745857,-112.1946101
2,13,6363,33.574718,-112.1775505
2,13,6486,33.5587571,-112.1781458
2,13,7108,33.5747161,-112.160306
2,13,5566,33.5603104,-112.1603196
2,13,3313,33.56024,-112.1883998
2,13,6380,33.5600972,-112.1967543
2,13,4635,33.5457803,-112.1643912
2,13,3679,33.5457875,-112.1558536
2,13,5616,33.5457957,-112.1774088
2,13,3209,33.5456908,-112.1945977
2,13,4609,33.5453624,-112.2117335
2,13,2000,33.5587797,-112.2637587
2,13,5044,33.5591592,-112.2464157
2,13,3537,33.5450265,-112.22906330000001
2,13,5499,33.5306136,-112.2290551
2,13,5080,33.5161554,-112.2290962
2,13,4674,33.5200387,-112.2117697
2,13,4206,33.5128115,-112.2118298
2,13,5393,33.5345116,-112.2117591
2,13,4016,33.5272643,-112.2118198
2,13,3593,33.5447591,-112.2463813
2,13,5374,33.5348379,-112.1946566
2,13,5636,33.5275918,-112.1946753
2,13,3027,33.5312702,-112.1774451
2,13,6328,33.5338273,-112.1606547
2,13,4510,33.5273072,-112.1592147
2,13,4984,33.5192182,-112.1573863
2,13,5537,33.5158664,-112.1712744
2,13,5816,33.5203394,-112.1947048
2,13,4459,33.5130874,-112.1947392
2,13,4211,33.5596351,-112.220382
2,13,4435,33.6326258,-112.1078795
2,13,5820,33.6145262,-112.1092895
2,13,6350,33.6036014,-112.1053243
2,13,7434,33.6036114,-112.1252567
2,13,7141,33.6180459,-112.1251214
2,13,5361,33.6179906,-112.1424429
2,13,6615,33.589357,-112.1440635
2,13,3535,33.5912674,-112.1566742
2,13,5715,33.5741887,-112.1290932
2,13,4240,33.5723303,-112.1454437
2,13,4380,33.6326309,-112.1249043
2,13,6357,33.6035807,-112.1425789
2,13,2167,33.6320299,-112.1772004
2,13,4371,33.6318197,-112.1941601
2,13,4976,33.6181823,-112.194959
2,13,5604,33.6179599,-112.1771528
2,13,4293,33.617939,-112.1598429
2,13,3738,33.6035315,-112.1599699
2,13,6125,33.5885017,-112.1766306
2,13,6058,33.5890646,-112.1944668
2,13,1798,33.6043789,-112.1938253
2,13,6118,33.604454,-112.1784017
2,13,3760,33.6315079,-112.1617063
2,13,4873,33.6323204,-112.1425101
2,13,2350,33.5863574,-112.1635857
2,13,3805,33.5891286,-112.1287875
2,13,3963,33.5896579,-112.1208241
2,13,5144,33.5892316,-112.1082097
2,13,2637,33.5792297,-112.1095653
2,13,2587,33.5603767,-112.1126416
2,13,1915,33.5639656,-112.1039407
2,13,3835,33.5572235,-112.1031276
2,13,4262,33.560326,-112.1212698
2,13,6810,33.5603307,-112.1299018
2,13,3605,33.5603231,-112.147316
2,13,4290,33.5603167,-112.1385793
2,13,7245,33.5458039,-112.142951
2,13,5991,33.5458104,-112.1256272
2,13,1843,33.5458512,-112.1145949
2,13,3039,33.5494847,-112.1059643
2,13,3628,33.5422388,-112.1059155
2,13,4785,33.531319,-112.1145492
2,13,3569,33.5313801,-112.1059165
2,13,7793,33.5312722,-112.1255879
2,13,4391,33.5311974,-112.1472318
2,13,4151,33.531208,-112.1385724
2,13,4505,33.520446,-112.142776
2,13,5963,33.5132101,-112.1430654
2,13,8139,33.5130999,-112.1255712
2,13,5180,33.5203754,-112.1255921
2,13,4338,33.5021972,-112.1429058
2,13,4767,33.5022028,-112.1602166
2,13,4422,33.4986169,-112.1776574
2,13,4049,33.5058621,-112.177581
2,13,5432,33.5025844,-112.1933395
2,13,6567,33.4993779,-112.2135258
2,13,4188,33.5054627,-112.2094968
2,13,5280,33.4910701,-112.2075331
2,13,4344,33.4876201,-112.1991683
2,13,4913,33.4877584,-112.1907502
2,13,7653,33.4876506,-112.173325
2,13,4620,33.4868383,-112.1642623
2,13,4467,33.4921689,-112.1608184
2,13,5581,33.4768815,-112.1777032
2,13,3909,33.476804,-112.1948327
2,13,6842,33.7754306,-112.2443648
2,13,5541,33.7087381,-112.2429959
2,13,5035,33.7132576,-112.2818818
2,13,3818,33.7414632,-112.2720342
2,13,3187,33.731013,-112.2365683
2,13,3943,33.7218793,-112.2496844
2,13,6566,33.7109832,-112.2114564
2,13,6675,33.7281418,-112.1955267
2,13,7896,33.7248764,-112.1753903
2,13,3099,33.7200705,-112.1508346
2,13,6545,33.7051897,-112.1776261
2,13,6761,33.7055157,-112.1436291
2,13,3870,33.6829951,-112.295345
2,13,4321,33.681154,-112.2836805
2,13,4128,33.6744005,-112.2717005
2,13,5831,33.6890519,-112.265642
2,13,5646,33.6725855,-112.2539708
2,13,4199,33.68425,-112.2456847
2,13,6253,33.6832474,-112.2302659
2,13,4270,33.689017,-112.2117434
2,13,6700,33.6735234,-112.2158116
2,13,4732,33.6834538,-112.1965221
2,13,3023,33.6918675,-112.1616595
2,13,4016,33.6769046,-112.1421875
2,13,3521,33.6764043,-112.1302956
2,13,2085,33.6597472,-112.3007253
2,13,2756,33.6597444,-112.2813921
2,13,2988,33.6612565,-112.265831
2,13,3891,33.6602914,-112.2446551
2,13,3073,33.6584742,-112.2267141
2,13,5088,33.6553978,-112.2120123
2,13,4328,33.6611787,-112.1954932
2,13,2408,33.6614423,-112.1778366
2,13,3905,33.6654649,-112.160561
2,13,3353,33.6580902,-112.1604028
2,13,2125,33.6621371,-112.1432751
2,13,6300,33.6612535,-112.1205818
2,13,7573,33.6480116,-112.2983869
2,13,3977,33.6466847,-112.2693812
2,13,6285,33.6456792,-112.2462816
2,13,3473,33.6452364,-112.2291917
2,13,2661,33.6470072,-112.2098091
2,13,2742,33.6445885,-112.1949954
2,13,4476,33.6466694,-112.1777514
2,13,4415,33.6462322,-112.1636304
2,13,3928,33.6509826,-112.143182
2,13,3119,33.6433998,-112.1431656
2,13,4022,33.6510443,-112.1245354
2,13,4026,33.643589,-112.1248723
3,13,5592,33.7128794,-111.5743081
3,13,3779,33.7535864,-111.7538552
3,13,2989,33.7346108,-111.6804374
3,13,4882,33.8175437,-111.9168671
3,13,3913,33.8615277,-111.938807
3,13,2799,33.6042712,-111.9694857
3,13,2433,33.604206,-111.95191
3,13,2389,33.6044145,-111.9345066
3,13,3995,33.5904316,-111.987092
3,13,5312,33.5849736,-111.9621695
3,13,6470,33.6053327,-111.9874082
3,13,4342,33.6189983,-111.9869134
3,13,4030,33.618831900000004,-111.969144
3,13,3759,33.6187003,-111.9517163
3,13,3027,33.6334564,-111.9869238
3,13,4992,33.6333105,-111.9690393
3,13,6244,33.6331997,-111.9515948
3,13,3361,33.6316314,-111.9341912
3,13,2951,33.6174998,-111.9348638
3,13,6376,33.6193209,-112.0046826
3,13,3646,33.6334977,-112.0047671
3,13,5174,33.6334539,-112.016688
3,13,3536,33.6368982,-112.0254119
3,13,4537,33.6298167,-112.0253133
3,13,4617,33.6050129,-112.003676
3,13,3128,33.6202677,-112.0205953
3,13,6138,33.6063523,-112.0255946
3,13,4544,33.6353654,-112.0866753
3,13,6128,33.6166417,-112.0797986
3,13,4396,33.6336689,-112.0391208
3,13,4427,33.6180635,-112.0411304
3,13,5240,33.627033,-112.0564073
3,13,4995,33.6300172,-112.0758193
3,13,3077,33.605407,-112.0851886
3,13,5170,33.5924127,-112.0822503
3,13,4895,33.6060907,-112.0471873
3,13,3151,33.594154,-112.0555575
3,13,3972,33.5709186,-112.0944957
3,13,5491,33.5782692,-112.0905724
3,13,4065,33.5767665,-112.072928
3,13,2741,33.5769083,-112.0602936
3,13,4520,33.5733572,-112.0535868
3,13,3747,33.578833,-112.0338226
3,13,5921,33.589495,-112.0242495
3,13,4284,33.5898363,-112.0044597
3,13,2608,33.5228894,-111.947527
3,13,4544,33.5658394,-111.9474755
3,13,3026,33.5441689,-111.9412986
3,13,4557,33.5739703,-111.9968372
3,13,4851,33.5466976,-112.0221521
3,13,2905,33.5356993,-111.9906382
3,13,5939,33.563750400000004,-112.0501289
3,13,5224,33.5585568,-112.0712797
3,13,3887,33.5602849,-112.0910906
3,13,5788,33.5457403,-112.0910561
3,13,3498,33.5455615,-112.0738396
3,13,5393,33.5462142,-112.0553638
3,13,2996,33.5269505,-112.0379449
3,13,3346,33.5309985,-112.0606354
3,13,3652,33.53099,-112.0518662
3,13,3916,33.5310503,-112.0737184
3,13,4556,33.5349394,-112.0953652
3,13,1277,33.5348013,-112.0867781
3,13,2234,33.5295515,-112.0871786
3,13,2598,33.5174607,-112.0215379
3,13,3682,33.5121661,-111.9651038
3,13,3477,33.4970552,-111.9596525
3,13,2329,33.5033702,-111.9805171
3,13,3106,33.5448607,-111.8984963
3,13,5140,33.5706517,-111.8973232
3,13,4890,33.5745336,-111.8052275
3,13,1567,33.575287,-111.8821256
3,13,4443,33.5712964,-111.9120794
3,13,6861,33.6115564,-111.9073884
3,13,6020,33.6298446,-111.7519771
3,13,4356,33.6132017,-111.706384
3,13,5952,33.5891915,-111.7497196
3,13,4448,33.764038,-111.9065126
3,13,4727,33.5887722,-111.8837698
3,13,5320,33.7894145,-111.8190468
3,13,3238,33.5821553,-111.9347757
3,13,2896,33.5912791,-111.9270634
3,13,2447,33.5776565,-111.865595
3,13,4808,33.573508,-111.8521591
3,13,2345,33.5549585,-111.9180475
3,13,2782,33.5461165,-111.9137634
3,13,3690,33.5888596,-111.8587996
3,13,5344,33.5890025,-111.8373468
3,13,4907,33.6042541,-111.882698
3,13,4176,33.6035028,-111.8624422
3,13,4775,33.7127029,-111.9080946
3,13,4355,33.6896109,-111.9086338
3,13,3461,33.6779669,-111.9107134
3,13,3592,33.714098,-111.8301559
3,13,4228,33.66279,-111.9042532
3,13,3449,33.6450492,-111.9093868
3,13,6263,33.6149456,-111.8200445
3,13,4190,33.6244331,-111.8826775
3,13,4593,33.6681878,-111.8225123
3,13,3001,33.6151397,-111.8847323
3,13,4870,33.6167101,-111.8699863
3,13,4356,33.6468046,-111.8762808
3,13,3890,33.6646919,-111.8784501
3,13,2819,33.584738,-111.7196959
3,13,4673,33.6065827,-111.7222205
3,13,6531,33.593265100000004,-111.7873848
3,13,2246,33.634237,-111.8749329
3,13,4279,33.6288045,-111.856799
3,13,3544,33.5293094,-111.9187377
3,13,3843,33.529373,-111.898852
3,13,4305,33.5153595,-111.922848
3,13,5307,33.5162635,-111.8980634
3,13,2627,33.5012471,-111.9053974
3,13,2746,33.5038503,-111.8978049
3,13,2451,33.4945112,-111.9253321
3,13,3376,33.5071933,-111.91706
3,13,2987,33.5003483,-111.9142442
3,13,4781,33.5019583,-111.9349494
3,13,3093,33.4863686,-111.9386785
3,13,3629,33.4850451,-111.9308731
3,13,5036,33.4860977,-111.9159439
3,13,4750,33.4876299,-111.9003184
3,13,6047,33.4731131,-111.900364
3,13,3682,33.4748808,-111.9196965
3,13,6897,33.4619423,-111.9163969
3,13,4616,33.4605095,-111.9021729
3,13,2404,33.9856701,-112.1008918
3,13,6672,33.8955266,-112.1907307
3,13,696,33.8921813,-112.1071975
3,13,4325,33.8674228,-112.122976
3,13,3795,33.8570387,-112.0967166
3,13,3956,33.8474408,-112.1404193
3,13,5438,33.8534223,-112.1274776
3,13,5676,33.8483017,-112.1094978
3,13,7316,33.8390081,-112.0893313
3,13,6367,33.8081662,-112.1032252
3,13,7705,33.8545369,-112.0204517
3,13,7346,33.7800563,-112.1502101
3,13,3238,33.7239685,-112.1329974
3,13,4400,33.7872015,-112.0784639
3,13,6533,33.7526141,-112.0901571
3,13,4031,33.708683,-112.0801056
3,13,4950,33.7352131,-112.1134541
3,13,4496,33.6968013,-112.0389218
3,13,4190,33.7508957,-112.0319677
3,13,4440,33.7865315,-111.9835402
3,13,2397,33.7643659,-111.99031600000001
3,13,2239,33.7597212,-111.9796477
3,13,2444,33.7467964,-111.9875678
3,13,2618,33.748082,-111.9690731
3,13,6109,33.7793097,-111.9569306
3,13,2893,33.78911,-111.940537
3,13,3762,33.7556916,-111.9432722
3,13,6892,33.718997,-111.9674434
3,13,4696,33.6916139,-112.1237614
3,13,3102,33.6764202,-112.1192741
3,13,3094,33.6893967,-112.0876317
3,13,4194,33.6727311,-112.0866239
3,13,4213,33.6801526,-112.0417771
3,13,5840,33.6920585,-112.0075852
3,13,5033,33.6732715,-111.9977415
3,13,4714,33.6905962,-111.9784915
3,13,5839,33.6785364,-111.9410953
3,13,3854,33.6851361,-111.9643115
3,13,3838,33.6616059,-112.1067463
3,13,5698,33.6619201,-112.0913975
3,13,5315,33.6617256,-112.0742002
3,13,5865,33.6619108,-112.05707460000001
3,13,4396,33.6625505,-112.0392348
3,13,8,33.6752334,-112.0225055
3,13,6177,33.6638202,-112.0221618
3,13,2275,33.6672757,-112.0073247
3,13,2521,33.6588374,-112.0067861
3,13,3018,33.6580405,-111.9915875
3,13,4938,33.6472713,-112.1073368
3,13,3005,33.6510365,-112.0912816
3,13,5349,33.6437995,-112.0912883
3,13,6858,33.6465683,-112.0756239
3,13,3068,33.6512354,-112.0569397
3,13,3893,33.6439454,-112.0633645
3,13,6078,33.6439834,-112.0547013
3,13,4666,33.6513488,-112.0395987
3,13,4884,33.6440787,-112.0395291
3,13,5561,33.6478148,-112.0221949
3,13,1906,33.6511213,-112.0069569
3,13,3404,33.6515895,-111.9868183
3,13,4774,33.6442985,-111.9867651
3,13,6066,33.6461076,-111.9641098
3,13,1152,33.6461625,-111.6598954
3,13,6334,33.5222009,-111.7981089
4,13,6769,33.5168231,-112.10837
4,13,2726,33.5166642,-112.0868226
4,13,1496,33.5113646,-112.0955281
4,13,2007,33.514994,-112.0954991
4,13,883,33.520407,-112.095454
4,13,3653,33.5165357,-112.0737249
4,13,3332,33.5164792,-112.0606163
4,13,2650,33.5164688,-112.0518734
4,13,4498,33.5165905,-112.0387977
4,13,3307,33.5002341,-111.989341
4,13,3661,33.5088488,-112.0047594
4,13,3196,33.498862,-112.004177
4,13,6054,33.5023624,-112.0215697
4,13,2575,33.5019818,-112.043224
4,13,3612,33.5020379,-112.0345443
4,13,2443,33.4980444,-112.0590439
4,13,6215,33.5042337,-112.0540658
4,13,2073,33.5052989,-112.0708618
4,13,2524,33.4981039,-112.0910106
4,13,5098,33.5054188,-112.0934517
4,13,4379,33.502401,-112.1148406
4,13,4165,33.5059113,-112.1062049
4,13,5677,33.4995459,-112.1073358
4,13,3425,33.5058159,-112.1255929
4,13,5645,33.4985716,-112.125658
4,13,6730,33.4887227,-112.143503
4,13,5239,33.4876853,-112.0915629
4,13,4685,33.4876332,-112.0784972
4,13,3203,33.4875221,-112.0694199
4,13,5003,33.4884762,-112.0600165
4,13,2447,33.4867701,-112.045706
4,13,4052,33.4879934,-112.0356435
4,13,4699,33.4913915,-112.021563
4,13,2257,33.48407,-112.0215206
4,13,3281,33.4878543,-112.0085684
4,13,4203,33.4878069,-111.999838
4,13,4749,33.4875531,-111.9867811
4,13,4660,33.4867355,-111.9673329
4,13,5701,33.474031600000004,-111.9709763
4,13,2150,33.4605544,-111.9738762
4,13,1614,33.453377,-111.974501
4,13,2454,33.4585599,-111.9550359
4,13,5590,33.4729842,-111.9868751
4,13,4405,33.4730969,-112.0085557
4,13,3956,33.4730668,-111.9998735
4,13,2077,33.4685018,-112.0256724
4,13,6317,33.4740014,-112.0199451
4,13,2956,33.4734937,-112.033492
4,13,4569,33.4729911,-112.0429814
4,13,5203,33.4729707,-112.05638
4,13,4964,33.4730347,-112.0739665
4,13,2370,33.4713281,-112.0919831
4,13,3729,33.4731961,-112.1257612
4,13,4363,33.4738048,-112.1394436
4,13,4375,33.4724482,-112.1477014
4,13,5197,33.4696322,-112.1604808
4,13,7063,33.4768981,-112.1602715
4,13,5167,33.4696103,-112.1777424
4,13,2554,33.4642123,-112.1684128
4,13,566,33.4488096,-112.1726249
4,13,5044,33.4171647,-112.1608093
4,13,4680,33.4154524,-112.1952527
4,13,4305,33.4297636,-112.1865363
4,13,3084,33.4639189,-112.1435434
4,13,7359,33.4566702,-112.1430073
4,13,6933,33.4585429,-112.1257204
4,13,4660,33.4585736,-112.0913351
4,13,3531,33.4622221,-112.0739166
4,13,4996,33.4550383,-112.0738751
4,13,2314,33.4551116,-112.0519793
4,13,1706,33.4549798,-112.0607304
4,13,2695,33.4625882,-112.053214
4,13,3915,33.4566793,-112.0388958
4,13,2881,33.4549381,-112.01722
4,13,4543,33.4629086,-112.024112
4,13,3912,33.4620494,-111.9990272
4,13,3988,33.454465,-112.0074119
4,13,6353,33.4619595,-111.9863755
4,13,2082,33.455455,-111.9883493
4,13,3059,33.4388032,-112.0108646
4,13,1527,33.4440704,-112.0389279
4,13,2306,33.4440861,-112.0564579
4,13,3294,33.4477675,-112.0738956
4,13,1075,33.4405135,-112.0737432
4,13,1189,33.4476657,-112.0913092
4,13,2965,33.4403769,-112.0912503
4,13,1778,33.443996,-112.1127649
4,13,2095,33.4439794,-112.10407
4,13,4071,33.4440651,-112.126027
4,13,1988,33.4441453,-112.1431681
4,13,1761,33.4332564,-112.1259049
4,13,4360,33.4260087,-112.1258593
4,13,3459,33.421613,-112.0861386
4,13,2771,33.4289968,-112.0739678
4,13,3227,33.4139109,-112.0014967
4,13,2821,33.412681,-112.0486599
4,13,1995,33.4135508,-112.071221
4,13,3894,33.3993852,-112.142267
4,13,4481,33.3994726,-112.1078245
4,13,6779,33.399502,-112.0906176
4,13,4054,33.3995032,-112.0689754
4,13,3674,33.3994853,-112.0776433
4,13,5860,33.3995851,-112.0559842
4,13,6765,33.3998988,-112.0386208
4,13,4902,33.4001775,-112.0212714
4,13,5126,33.3885879,-111.9874388
4,13,6261,33.3901621,-112.0101981
4,13,3728,33.4000005,-111.9869425
4,13,4394,33.3814323,-111.9862123
4,13,6155,33.3853695,-112.0387139
4,13,5666,33.3850759,-112.0559281
4,13,4953,33.3850011,-112.0732944
4,13,7187,33.3848158,-112.1596188
4,13,6682,33.3848675,-112.1423292
4,13,4338,33.3990267,-112.123348
4,13,6912,33.368726,-112.1508815
4,13,3929,33.343914,-112.1538633
4,13,7130,33.3704076,-112.1257966
4,13,3766,33.3813456,-112.0905365
4,13,4546,33.3886165,-112.0905313
4,13,4942,33.3849779,-112.1077601
4,13,3391,33.3693932,-112.1039783
4,13,5073,33.3671923,-112.2025579
4,13,4567,33.3561252,-112.1789956
4,13,5456,33.3848585,-112.1796425
4,13,5194,33.3678962,-112.0576168
4,13,2730,33.3521509,-111.9899157
4,13,5370,33.3398925,-111.9828966
4,13,2543,33.3559538,-111.974731
4,13,4728,33.3317389,-112.0055579
4,13,2052,33.3298672,-111.9920343
4,13,7907,33.2979769,-111.9845655
4,13,5996,33.2984125,-112.0037349
4,13,3382,33.2979707,-112.0237215
4,13,1984,33.3544355,-111.9830865
4,13,3404,33.3266898,-111.9761414
4,13,2795,33.322711,-111.983812
4,13,6689,33.3120976,-111.98374
4,13,3892,33.3166004,-111.9991276
4,13,3588,33.3092109,-112.0136469
4,13,5035,33.297401,-112.0469872
4,13,4095,33.299027,-112.0736724
4,13,4792,33.3121734,-112.0601949
4,13,4008,33.3152148,-112.0264904
4,13,1974,33.3005447,-112.1205438
4,13,3629,33.2965068,-112.100319
4,13,4376,33.354108600000004,-112.1039386
4,13,11,33.3433655,-112.0696822
4,13,1748,33.3599841,-112.072269
4,13,3923,33.3668767,-112.0746345
4,13,3154,33.3741816,-112.0744562
4,13,3428,33.3683857,-112.0408747
4,13,6273,33.3730377,-112.0017169
4,13,2559,33.4659687,-112.1085382
4,13,2493,33.4884301,-112.1233353
4,13,6234,33.4882459,-112.1060497
4,13,2986,33.4991021,-112.0751243
4,13,949,33.4268606,-112.0447019
4,13,1924,33.420063,-112.1144023
4,13,3301,33.4794719,-111.9509448
4,13,5613,33.4729197,-111.9348731
4,13,1973,33.4620164,-111.9328124
4,13,5840,33.4339879,-111.9162539
4,13,3317,33.4553353,-111.9348913
4,13,5937,33.428841,-111.9349202
4,13,7468,33.4297773,-111.9560473
4,13,6427,33.4146651,-111.952179
4,13,2731,33.4182892,-111.93266
4,13,4058,33.4126313,-111.9362297
4,13,4634,33.416665,-111.9220739
4,13,5390,33.418997,-111.9161745
4,13,7240,33.4111438,-111.9176863
4,13,6404,33.3855247,-111.9180624
4,13,6177,33.4002478,-111.917711
4,13,5632,33.4001798,-111.9349062
4,13,3297,33.3965781,-111.9520842
4,13,5644,33.3821331,-111.9533755
4,13,2,33.3828727,-111.9646207
4,13,4025,33.3859354,-111.9715189
4,13,2670,33.4183846,-111.9678629
4,13,3513,33.3819849,-111.9355416
4,13,3321,33.3892276,-111.9350243
4,13,2762,33.367901,-111.9355759
4,13,4827,33.3564609,-111.9198593
4,13,2258,33.3533622,-111.9341876
4,13,4587,33.3418702,-111.950615
4,13,7287,33.355132,-111.9576086
4,13,5322,33.3664506,-111.9631777
4,13,6643,33.3716761,-111.9530188
4,13,3591,33.4435312,-111.9429174
4,13,3251,33.3293353,-111.9586369
4,13,6352,33.3293574,-111.9222381
4,13,5413,33.3154061,-111.9589087
4,13,5118,33.3133782,-111.9361379
4,13,5752,33.2981969,-111.9365742
4,13,3540,33.2885042,-112.175002
4,13,43,33.2338075,-111.9576919
4,13,14,33.2980736,-111.9587909
4,13,803,33.4549546,-112.0258494
5,13,7038,33.4184286,-111.9002492
5,13,3680,33.4111316,-111.9002656
5,13,2425,33.417039,-111.8867329
5,13,4085,33.3858315,-111.900434
5,13,4709,33.400944,-111.9001315
5,13,3750,33.39434,-111.8866592
5,13,5675,33.3703792,-111.9155206
5,13,4928,33.3702585,-111.902362
5,13,3349,33.353387,-111.9005108
5,13,2155,33.3419171,-111.9198091
5,13,2312,33.342523,-111.9008629
5,13,5447,33.4295087,-111.6563794
5,13,6299,33.4430029,-111.6572024
5,13,6775,33.4792633,-111.6740249
5,13,1596,33.4795976,-111.6403706
5,13,5598,33.4595809,-111.6596141
5,13,3758,33.4190041,-111.6759674
5,13,4009,33.4187804,-111.650047
5,13,5307,33.4301383,-111.6930944
5,13,3726,33.4698474,-111.7101019
5,13,2768,33.4901256,-111.6923542
5,13,5614,33.4300703,-111.7277109
5,13,4220,33.4297703,-111.7086665
5,13,5328,33.4446119,-111.6929143
5,13,4380,33.4730975,-111.6908287
5,13,2957,33.4586409,-111.6885124
5,13,1382,33.4191805,-111.7277634
5,13,4363,33.4194724,-111.7017702
5,13,3114,33.4445634,-111.7275522
5,13,4264,33.4446172,-111.7102505
5,13,2250,33.4575906,-111.7937677
5,13,4778,33.4586449,-111.7775275
5,13,4314,33.459106,-111.7620111
5,13,1149,33.4755737,-111.7444652
5,13,4574,33.4575091,-111.8269135
5,13,4862,33.4702348,-111.7789534
5,13,3428,33.4464362,-111.8176657
5,13,3438,33.4433854,-111.8096308
5,13,3235,33.4441533,-111.8268316
5,13,3636,33.4441224,-111.8354904
5,13,4937,33.4299352,-111.7794889
5,13,3972,33.4445016,-111.7792986
5,13,4658,33.4439367,-111.7973995
5,13,5060,33.4300168,-111.7622801
5,13,3693,33.444576,-111.7534952
5,13,5096,33.430017,-111.7450053
5,13,2397,33.4191076,-111.7623535
5,13,3688,33.4191354,-111.7450284
5,13,2925,33.4145122,-111.7606322
5,13,3354,33.411881,-111.7450995
5,13,5275,33.431638,-111.7951762
5,13,3676,33.4331677,-111.8141844
5,13,3492,33.4260911,-111.8141595
5,13,4125,33.4295874,-111.8356261
5,13,3208,33.4285378,-111.8284349
5,13,4713,33.4476588,-111.8475179
5,13,5988,33.430394,-111.8486195
5,13,4837,33.4339264,-111.8723867
5,13,3990,33.426999,-111.8632578
5,13,6346,33.4149839,-111.8482565
5,13,5610,33.4183113,-111.86874
5,13,3343,33.4111435,-111.8721703
5,13,2793,33.4151047,-111.8314299
5,13,3980,33.411476,-111.8141508
5,13,3506,33.4187479,-111.8141153
5,13,3460,33.4189111,-111.7967357
5,13,4398,33.4116541,-111.7967966
5,13,4947,33.4190418,-111.7796191
5,13,3822,33.4117785,-111.7796786
5,13,2719,33.3970961,-111.79685
5,13,4942,33.4063205,-111.7963157
5,13,4023,33.396982,-111.8141908
5,13,6188,33.4042227,-111.8141162
5,13,3994,33.4042445,-111.8315944
5,13,3970,33.3969939,-111.8314211
5,13,4408,33.4041299,-111.8657395
5,13,5294,33.3966747,-111.8698091
5,13,6024,33.4013046,-111.8799565
5,13,3165,33.3968379,-111.8485943
5,13,5947,33.4040946,-111.8484497
5,13,4292,33.3971105,-111.8612601
5,13,5759,33.3836283,-111.8554938
5,13,7386,33.3424187,-111.8504007
5,13,5417,33.3423811,-111.8677211
5,13,2672,33.3422819,-111.8849819
5,13,4265,33.3674824,-111.891901
5,13,2527,33.362708,-111.8858608
5,13,2158,33.3605651,-111.8678247
5,13,6000,33.3715446,-111.8507246
5,13,3607,33.3606123,-111.8504492
5,13,3016,33.3531488,-111.8854313
5,13,3059,33.353311,-111.8678018
5,13,2054,33.3533619,-111.8504487
5,13,4292,33.3716184,-111.869395
5,13,2185,33.3707287,-111.8627883
5,13,3210,33.3816942,-111.8677571
5,13,1436,33.3834785,-111.8849943
5,13,6454,33.3860671,-111.8271693
5,13,5041,33.3861137,-111.7970864
5,13,2935,33.346882,-111.8362834
5,13,5935,33.3467173,-111.8158186
5,13,4400,33.3654635,-111.8262114
5,13,5513,33.3717979,-111.7983839
5,13,5662,33.3570528,-111.8157213
5,13,3850,33.3570982,-111.7975401
5,13,4735,33.357289,-111.7814095
5,13,5245,33.3427063,-111.7983277
5,13,4737,33.342745,-111.7813515
5,13,6078,33.4009336,-111.7624714
5,13,5925,33.4008774,-111.7797329
5,13,6792,33.3863226,-111.7797774
5,13,4927,33.3864079,-111.7625515
5,13,5094,33.3748545,-111.7655957
5,13,4406,33.3697053,-111.7472622
5,13,3680,33.3718862,-111.781172
5,13,5399,33.357376,-111.7644951
5,13,3474,33.3574743,-111.7472415
5,13,3181,33.3428917,-111.764314
5,13,4984,33.3429675,-111.7470048
5,13,4441,33.4024253,-111.7451298
5,13,4933,33.3867166,-111.7456385
5,13,4499,33.4010722,-111.72785
5,13,4276,33.4014339,-111.6749123
5,13,3139,33.4006935,-111.658889
5,13,6141,33.3730628,-111.6788572
5,13,3261,33.3720322,-111.730671
5,13,4933,33.3721101,-111.7135045
5,13,4229,33.3689827,-111.6949646
5,13,8259,33.3504927,-111.6959424
5,13,2404,33.4117419,-111.7264985
5,13,4405,33.4121576,-111.7007518
5,13,2719,33.4116293,-111.6725394
5,13,3576,33.4114985,-111.6465412
5,13,3075,33.3861685,-111.6765606
5,13,3267,33.3862818,-111.7284799
5,13,3597,33.4003406,-111.7144264
5,13,4260,33.3859878,-111.710319
5,13,3687,33.3984646,-111.6963228
5,13,5166,33.3503074,-111.7299745
5,13,4482,33.3576718,-111.7130909
5,13,3652,33.3431618,-111.7128331
5,13,5029,33.3279542,-111.8328965
5,13,5123,33.3134516,-111.8371642
5,13,5070,33.3134597,-111.8284703
5,13,5970,33.313355,-111.8503094
5,13,5041,33.3278656,-111.8677684
5,13,5689,33.313310799999996,-111.8677385
5,13,3379,33.327342,-111.8457321
5,13,3520,33.3282965,-111.8542749
5,13,5752,33.298902,-111.8328861
5,13,6567,33.2987239,-111.8676106
5,13,6782,33.2993379,-111.8494127
5,13,3546,33.323861,-111.9025211
5,13,5954,33.3276299,-111.8849578
5,13,6794,33.3154956,-111.9193276
5,13,7543,33.3129045,-111.9028025
5,13,4365,33.3131884,-111.8853929
5,13,2793,33.2981368,-111.9193707
5,13,3673,33.2983287,-111.9026915
5,13,3511,33.2978732,-111.884731
5,13,3026,33.3244275,-111.8155414
5,13,5325,33.3135713,-111.8155298
5,13,2892,33.3102157,-111.7983227
5,13,4450,33.2990273,-111.81557
5,13,4646,33.2991347,-111.7982985
5,13,1910,33.2831083,-111.885511
5,13,5838,33.2838493,-111.8674476
5,13,4939,33.2840817,-111.8501728
5,13,7106,33.287549,-111.8136103
5,13,7700,33.2688801,-111.8759427
5,13,4961,33.2692722,-111.8500062
5,13,6396,33.2570673,-111.8736279
5,13,2703,33.3322863,-111.8176975
5,13,4595,33.3281393,-111.7984565
5,13,5533,33.3283005,-111.7814918
5,13,5232,33.3284094,-111.7643407
5,13,5755,33.3213634,-111.747466
5,13,4576,33.3264204,-111.7332527
5,13,3143,33.3149425,-111.7869451
5,13,4236,33.313932200000004,-111.7646489
5,13,4031,33.295471,-111.7816178
6,5,3873,35.227087,-111.6698017
6,5,4097,35.2221165,-111.6419963
6,5,3957,35.2219231,-111.6227801
6,5,2819,35.2037291,-111.6214308
6,5,5343,35.2175661,-111.6056026
6,5,5007,35.2275284,-111.5565227
6,5,2010,35.1995905,-111.5857273
6,5,4143,35.1950704,-111.6068817
6,5,6313,35.1853494,-111.6332344
6,5,5033,35.1425948,-111.669667
6,5,3539,35.1595142,-111.6194616
6,5,10422,35.1818461,-111.6550601
6,5,5229,35.1703525,-111.6828522
6,5,5208,35.192043,-111.6791709
6,5,4937,35.1853297,-111.6832034
6,5,2738,35.2082327,-111.6705249
6,5,1787,34.857889900000004,-111.7330042
6,5,1223,34.940454,-111.7447106
6,5,3347,35.2369299,-112.203011
6,5,1918,36.6928807,-112.1341969
6,5,3870,36.9290562,-111.4454122
6,5,3562,36.8942802,-111.4759058
6,5,4081,35.5699311,-111.7723248
6,5,2928,35.0924324,-111.695974
6,5,3947,35.7876126,-112.655051
6,5,3234,35.3461639,-111.9931236
6,5,3678,36.5452151,-111.3261199
6,5,4006,36.1799997,-111.5543782
6,5,25,36.2328305,-112.2253185
6,12,935,33.99638,-113.6502748
6,12,1028,33.5400835,-113.5599934
6,12,1773,34.2001462,-114.1921779
6,12,581,34.1639048,-113.9915322
6,12,1419,33.6525458,-113.9500259
6,12,1043,33.8421404,-114.1609983
6,12,820,33.7992196,-114.2765486
6,12,939,33.5623754,-114.2025444
6,12,983,33.184794,-114.6172497
6,12,3414,34.1504951,-114.2903545
6,12,3622,33.8749524,-114.3598873
6,13,4820,33.9760918,-112.7494475
6,13,4189,33.8241902,-113.0044501
6,13,4592,33.3162347,-113.0618727
6,13,2486,32.9198542,-113.1159749
6,15,1250,35.7257711,-113.6308782
6,15,2736,34.9604936,-114.6151248
6,15,3187,36.4997448,-113.4218956
6,15,2463,36.9841335,-112.9706505
6,15,2367,36.9324078,-112.7751573
6,15,1781,35.5708297,-114.1712883
6,15,1831,35.8540783,-114.4399718
6,15,2308,35.6952916,-113.9288315
6,15,1363,35.3440369,-114.3629894
6,15,3487,35.2570623,-114.2526289
6,15,2818,35.1867135,-114.1817646
6,15,3122,35.2319983,-114.2009773
6,15,4055,35.259149,-114.02511990000001
6,15,4117,35.2457168,-114.00373
6,15,3776,35.2591468,-113.9985021
6,15,2690,35.2986637,-113.9719277
6,15,4345,35.3785609,-113.9659852
6,15,4132,35.1771704,-114.5295491
6,15,2275,35.1275444,-114.4712509
6,15,2181,35.1445027,-114.5583569
6,15,4157,35.1099957,-114.5845672
6,15,2052,35.082061,-114.5749391
6,15,3819,35.0842766,-114.5442704
6,15,3768,35.1163835,-114.602981
6,15,4153,35.1138649,-114.6234881
6,15,3013,35.1040983,-114.6153071
6,15,2350,35.1030543,-114.6394193
6,15,3431,35.0963207,-114.6188545
6,15,4204,35.0641211,-114.5950403
6,15,1871,35.0502078,-114.5767863
6,15,4617,35.0363746,-114.5400874
6,15,4172,35.0145325,-114.5821947
6,15,1225,34.8458213,-114.4800523
6,15,3215,34.9943131,-114.5926441
6,15,3970,34.9921069,-114.5366605
6,15,3176,34.6247879,-114.3458669
6,15,3161,34.5316817,-114.3106009
6,15,2533,34.5195736,-114.3603804
6,15,3427,34.4940196,-114.3579078
6,15,2526,34.5053589,-114.3289917
6,15,2816,34.510752599999996,-114.3127539
6,15,3459,34.5092494,-114.2651271
6,15,3650,34.5077807,-114.2986959
6,15,2166,34.4782178,-114.3169025
6,15,3493,34.4831239,-114.2990685
6,15,2304,34.4835825,-114.3371238
6,15,3466,34.4917634,-114.3163018
6,15,3315,34.4710009,-114.3306979
6,15,2998,34.4597412,-114.3618564
6,15,3215,34.4875003,-114.2777562
6,15,3320,34.4762514,-114.2812747
6,15,2590,34.4663243,-114.2989281
6,15,3175,34.4514895,-114.2916474
6,15,3280,34.4903572,-114.2389881
6,15,2631,34.3823864,-114.08062580000001
6,15,2718,35.1808111,-114.0491008
6,15,4292,35.1881464,-114.0146847
6,15,6675,35.197374,-113.9772979
6,15,6659,35.2073569,-114.0365144
6,15,4203,35.2325352,-114.0285059
6,15,4203,35.2440825,-113.9657959
6,15,2630,35.0960434,-113.5758812
6,15,5653,34.6881215,-113.9328965
6,15,4048,35.2440284,-114.0595108
6,15,2280,34.8879075,-114.5889164
6,15,2904,34.8163597,-114.5388136
6,19,3207,32.2167192,-112.9776299
6,25,1423,34.7781607,-112.4953813
6,25,5103,34.7050643,-112.4841203
6,25,1709,34.8482631,-112.3966926
6,25,1796,34.7647804,-112.4393513
6,25,6439,34.7404653,-112.3409737
6,25,1527,34.962455,-112.6285169
6,25,6231,34.8384812,-112.4825289
6,25,5195,34.6216422,-112.4657723
6,25,1350,34.6286285,-112.421818
6,25,1413,34.5716085,-112.4781511
6,25,2223,34.5904781,-112.435429
6,25,3658,34.5894628,-112.4605327
6,25,1946,34.5693874,-112.4562163
6,25,3770,34.5792127,-112.4532351
6,25,1537,34.5828816,-112.3960058
6,25,3947,34.5646624,-112.4083588
6,25,5016,34.6081567,-112.3321234
6,25,3543,34.6288917,-112.3146082
6,25,4869,34.6130954,-112.30496
6,25,1516,34.5873627,-112.3579491
6,25,1766,34.592663,-112.3559215
6,25,8626,34.6182743,-112.3435906
6,25,1537,34.5996777,-112.3260168
6,25,5699,34.5927971,-112.3312187
6,25,2015,34.6055325,-112.2882875
6,25,3168,34.5808265,-112.2805485
6,25,1719,34.5553455,-112.3494238
6,25,4451,34.5609983,-112.29790560000001
6,25,2236,34.4817599,-112.3857424
6,25,2197,34.4940143,-112.2768112
6,25,3754,34.5343866,-112.4311879
6,25,1228,34.5391682,-112.4644301
6,25,2587,34.5210774,-112.4658162
6,25,1228,34.548421,-112.4586852
6,25,3240,34.5545557,-112.4734516
6,25,3765,34.5684409,-112.5849163
6,25,1343,34.556275,-112.4916705
6,25,3659,34.576579,-112.4941059
6,25,1354,34.5254862,-112.5304446
6,25,2990,34.5328422,-112.4943315
6,25,1821,34.4915027,-112.5173502
6,25,2281,34.5313698,-112.4797911
6,25,3239,34.8463045,-112.8683971
6,25,4127,34.5377872,-112.7884396
6,25,2191,34.5733844,-113.1438803
6,25,2410,34.1248308,-112.1080358
6,25,3980,34.1668741,-112.4686757
6,25,3427,34.2058928,-112.9950334
6,25,2309,34.2769131,-111.8532086
6,25,4416,34.3886294,-112.2247847
6,25,6837,34.6026745,-111.8994148
6,25,4156,34.5875069,-111.6724096
6,25,1689,34.6706357,-111.8204975
6,25,4712,34.6060474,-111.791594
6,25,6013,34.7131326,-111.922991
6,25,2595,34.7817013,-111.732348
6,25,1106,34.7674684,-111.8407723
6,25,3533,34.778819,-111.7769222
6,25,3259,34.8346681,-111.8288548
6,25,1843,34.9050066,-111.9374218
6,25,2819,34.9195022,-111.7968689
6,25,2383,34.7635156,-112.0553256
6,25,3678,34.750771,-112.1309921
6,25,6362,34.6569076,-112.3178253
6,25,6574,34.6504721,-112.2779165
6,25,5190,34.7425047,-112.0245469
6,25,5195,34.6734055,-111.9696839
6,25,4070,34.7214001,-111.99448
6,25,1964,34.6929819,-112.0568753
6,25,1593,34.7123755,-112.0203063
6,25,5333,34.7297091,-112.0319166
6,25,2331,35.1475628,-112.9773002
6,27,2093,32.7116485,-114.6184685
6,27,3082,32.7188025,-114.6288918
6,27,2922,32.7270014,-114.6493156
6,27,3557,32.7160944,-114.6395091
6,27,3704,32.7147513,-114.6796835
6,27,1324,32.7096331,-114.6621591
6,27,4024,32.7176191,-114.6570387
6,27,2619,32.7019244,-114.6541135
6,27,2507,32.7120678,-114.649359
6,27,5096,32.7048476,-114.6347574
6,27,3859,32.6906956,-114.6145244
6,27,4935,32.6921404,-114.6324654
6,27,3431,32.6903363,-114.6459657
6,27,2859,32.6911766,-114.6547518
6,27,3485,32.7020465,-114.6718823
6,27,6615,32.6782693,-114.6520091
6,27,4648,32.6474716,-114.6627542
6,27,5456,32.6910852,-114.6760799
6,27,2786,32.6911046,-114.6633024
6,27,2649,32.6577493,-114.6279985
6,27,1341,32.6729493,-114.6266319
6,27,2167,32.6778357,-114.6314724
6,27,4871,32.67363,-114.6112962
6,27,4081,32.6810592,-114.5922368
6,27,5428,32.6838368,-114.4300755
6,27,1769,32.7038557,-114.3908373
6,27,6700,32.6874553,-114.5114093
6,27,1173,32.7031712,-114.5662151
6,27,533,32.7808796,-114.4657799
6,27,2081,32.6776615,-114.4569187
6,27,833,32.6891263,-114.4575728
6,27,1612,32.673745,-114.715965
6,27,3061,32.6515565,-114.5553571
6,27,3700,32.6631593,-114.4525353
6,27,2610,32.6542401,-114.4031284
6,27,1828,32.6360368,-114.405399
6,27,1635,32.663066,-114.4673851
6,27,3651,32.6547081,-114.4809443
6,27,1238,32.6630849,-114.4398578
6,27,2155,32.6628555,-114.4275812
6,27,1692,32.6703742,-114.5361056
6,27,6467,32.6513698,-114.5169326
6,27,1440,32.663447,-114.414785
6,27,1454,32.6388438,-114.4522956
6,27,1682,32.6340438,-114.3955284
6,27,1672,32.6434557,-114.358712
6,27,1106,32.7400655,-113.9309425
6,27,1423,32.6795515,-114.1157791
6,27,1753,32.7004381,-114.2404032
6,27,3940,32.4926556,-114.7771187
6,27,4535,32.4892831,-114.7650788
6,27,6872,32.4830873,-114.7372236
6,27,3810,32.5073639,-114.7377489
6,27,2007,32.5889647,-114.7310775
6,27,5386,32.6046337,-114.7071894
6,27,4480,32.5781924,-114.7164062
6,27,3958,32.5892667,-114.7055418
6,27,4797,32.5198873,-114.79694
6,27,3571,32.5279373,-114.7548464
6,27,1313,32.6794592,-114.4706854
6,27,9640,32.538524,-114.6254456
6,27,3083,32.5841786,-114.6472405
6,27,725,33.1077362,-113.8376677
6,27,5,32.5278186,-113.9137773
6,27,503,32.4621698,-114.6193818
6,27,2449,32.6458708,-114.6012703
7,13,5809,33.6577414,-112.3366887
7,13,6362,33.6569045,-112.362634
7,13,1732,33.6772529,-112.3904639
7,13,3071,33.6746354,-112.3658563
7,13,3315,33.6751948,-112.3382757
7,13,7427,33.6767067,-112.7240487
7,13,4230,33.6874823,-112.3771475
7,13,3333,33.690735599999996,-112.3477585
7,13,1662,33.6759453,-112.4169856
7,13,3037,33.6607653,-112.4269715
7,13,2431,33.6454883,-112.4432741
7,13,4434,33.6463218,-112.4265743
7,13,6026,33.6527184,-112.4037208
7,13,3603,33.6641908,-112.3937125
7,13,3729,33.6438075,-112.3838942
7,13,3757,33.6451281,-112.3676447
7,13,2500,33.7107807,-112.3333009
7,13,3431,33.737724300000004,-112.331158
7,13,5823,33.8465824,-112.3603756
7,13,6248,33.7485027,-112.3190631
7,13,4385,33.7097997,-112.3875564
7,13,6356,33.8643039,-112.5381576
7,13,5684,33.6917028,-112.4962657
7,13,4309,33.7565722,-112.5578347
7,13,3871,33.3568036,-112.7756801
7,13,6343,33.4524436,-112.5356941
7,13,7114,33.3845494,-112.5164544
7,13,9560,33.448367,-112.4930588
7,13,5523,33.4217311,-112.4953171
7,13,5040,33.4273116,-112.5456874
7,13,5624,33.4266011,-112.5727511
7,13,3676,33.4208764,-112.6071597
7,13,5312,33.3840036,-112.6293503
7,13,6427,33.4838138,-112.5029196
7,13,7507,33.4947209,-112.4843023
7,13,7835,33.5419142,-112.5780922
7,13,8644,33.5421899,-112.7460201
7,13,7711,33.3850893,-112.5817883
7,13,6555,33.3707199,-112.582303
7,13,5282,33.6318859,-112.3316377
7,13,3306,33.6197635,-112.3143932
7,13,5053,33.6182651,-112.3341975
7,13,3514,33.612051,-112.3261717
7,13,5505,33.60171,-112.3203341
7,13,3915,33.6016684,-112.3110112
7,13,6267,33.4989522,-112.3594703
7,13,7598,33.5323577,-112.3264989
7,13,6049,33.5013997,-112.3261467
7,13,6517,33.4834525,-112.325033
7,13,6037,33.4723401,-112.3316542
7,13,3288,33.471398,-112.4375771
7,13,5301,33.4866763,-112.4004935
7,13,3865,33.4857395,-112.3677102
7,13,2024,33.4847062,-112.3482487
7,13,2391,33.4137948,-112.3997843
7,13,5922,33.6315885,-112.4181095
7,13,5496,33.6314831,-112.4017435
7,13,3182,33.6344581,-112.3676149
7,13,5174,33.6311855,-112.3506834
7,13,6566,33.5970904,-112.4331614
7,13,6108,33.6183909,-112.40273
7,13,6360,33.6117732,-112.3839564
7,13,7464,33.6165068,-112.3678926
7,13,7099,33.6163866,-112.3507002
7,13,5176,33.5877401,-112.4030248
7,13,6238,33.6022107,-112.3851425
7,13,4992,33.5876988,-112.3850313
7,13,6004,33.5955848,-112.361302
7,13,4567,33.6019505,-112.3378089
7,13,4734,33.601576,-112.329193
7,13,2384,33.5875997,-112.3173497
7,13,2827,33.5727973,-112.333106
7,13,9294,33.5627619,-112.4016614
7,13,7940,33.5300157,-112.422807
7,13,5844,33.5295927,-112.3500769
7,13,3885,33.5133669,-112.3503455
7,13,4079,33.4688752,-112.3538833
7,13,5826,33.4282146,-112.4009683
7,13,6465,33.4283671,-112.4267914
7,13,4010,33.4429158,-112.4181311
7,13,7060,33.4431709,-112.3920848
7,13,7287,33.4557236,-112.4013721
7,13,8264,33.4701401,-112.4005312
7,13,6157,33.5006201,-112.3984667
7,13,3074,33.488963,-112.4517571
7,13,4309,33.4525456,-112.4412605
7,13,3567,33.4048935,-112.4176024
7,13,4843,33.6193732,-112.4460019
7,13,3575,33.6162951,-112.4324134
7,13,3568,33.6315728,-112.4309035
7,13,6953,33.6311366,-112.4468752
7,13,1743,33.4539858,-112.3587089
7,13,2964,33.468442,-112.3667229
7,13,2659,33.5359445,-112.3736455
7,13,6746,33.4461284,-112.3388821
7,13,2050,33.4414474,-112.3633791
7,13,2167,33.432742,-112.3495978
7,13,6154,33.4264916,-112.3443359
7,13,6537,33.6233312,-112.2981718
7,13,4192,33.5916464,-112.3045197
7,13,3009,33.5727181,-112.3050618
7,13,3555,33.5855768,-112.2958744
7,13,3575,33.5726345,-112.2798313
7,13,6542,33.4994539,-112.280234
7,13,4398,33.5015352,-112.2507274
7,13,5378,33.5015368,-112.2420807
7,13,5183,33.4869963,-112.2508164
7,13,4342,33.4870407,-112.2421267
7,13,7092,33.499953,-112.3008303
7,13,3275,33.4956865,-112.2640759
7,13,5160,33.4706714,-112.2638912
7,13,5151,33.4760517,-112.2464894
7,13,2485,33.4896483,-112.301829
7,13,4027,33.4807297,-112.3036975
7,13,2365,33.486432,-112.2812848
7,13,4739,33.4664637,-112.3169254
7,13,5888,33.4696274,-112.298403
7,13,5154,33.4702087,-112.2812088
7,13,3006,33.4495644,-112.3224705
7,13,6384,33.4424851,-112.3151158
7,13,5051,33.4504244,-112.292708
7,13,4641,33.4687756,-112.2466002
7,13,7339,33.4097505,-112.2633343
7,13,5947,33.4292554,-112.246943
7,13,4900,33.4031172,-112.2497615
7,13,3436,33.3968167,-112.2906886
7,13,3890,33.4006324,-112.3294874
7,13,2864,33.4318212,-112.2960227
7,13,5348,33.4239556,-112.2988703
7,13,7701,33.4281516,-112.3204026
7,13,5836,33.4137191,-112.2809359
7,13,6642,33.4283352,-112.2810555
7,13,7216,33.4483717,-112.2605075
7,13,5199,33.5304561,-112.2463403
7,13,4950,33.5153915,-112.2811615
7,13,5829,33.5282486,-112.2763289
7,13,4397,33.558242,-112.2983535
7,13,4473,33.5584144,-112.2811568
7,13,5240,33.5018159,-112.2335625
7,13,4780,33.5015918,-112.22502
7,13,5288,33.4869472,-112.233063
7,13,2973,33.4874706,-112.2162299
7,13,2401,33.4909754,-112.2246135
7,13,1889,33.4839302,-112.2243688
7,13,2486,33.4838329,-112.2076134
7,13,5294,33.4695439,-112.1948671
7,13,2862,33.4570499,-112.2121094
7,13,4681,33.4373646,-112.2210426
7,13,5477,33.4156784,-112.212656
7,13,4287,33.4025734,-112.2191866
7,13,4773,33.4694344,-112.211941
7,13,4265,33.476676,-112.2120561
7,13,3373,33.4642595,-112.1949144
7,13,4485,33.4571434,-112.194389
7,13,4666,33.4727228,-112.2292551
7,13,4925,33.4597179,-112.226146
7,13,8015,33.3847701,-112.2101196
7,13,6439,33.2228914,-112.3881767
7,13,4662,32.9669436,-112.4340439
7,13,2146,33.3693212,-112.4319377
7,13,3035,33.3339312,-112.4163488
7,13,2909,33.333626,-112.4367832
7,13,5781,33.3235434,-112.4517935
7,13,88,32.5696,-112.417556
7,13,1,32.7253646,-112.9041112
7,13,26,33.3384622,-112.3795181
8,19,930,32.2208596,-110.9710218
8,19,4035,32.2246886,-110.9871294
8,19,1449,32.2323135,-110.9771972
8,19,2486,32.2340621,-110.9662796
8,19,1267,32.2269025,-110.9662201
8,19,5138,32.2293954,-110.9582668
8,19,5876,32.2302947,-110.9505754
8,19,4522,32.2337244,-110.9360708
8,19,4981,32.2161545,-110.9386269
8,19,2053,32.2121458,-110.9563603
8,19,2591,32.2325808,-110.9927473
8,19,3575,32.2430038,-110.9956637
8,19,2089,32.2444096,-110.9754512
8,19,2925,32.2556507,-110.9822535
8,19,5244,32.2558835,-110.9708547
8,19,5146,32.2466805,-110.9620427
8,19,5292,32.2473214,-110.9509911
8,19,3608,32.2481593,-110.938363
8,19,2909,32.2641319,-110.9313541
8,19,5540,32.249287699999996,-110.9209011
8,19,2278,32.2382255,-110.9212062
8,19,3850,32.2202428,-110.9204629
8,19,6640,32.2008452,-110.9255985
8,19,6205,32.1865119,-110.927968
8,19,3151,32.1727627,-110.9531594
8,19,3500,32.1927418,-110.9519364
8,19,4613,32.1954741,-110.9691542
8,19,5397,32.1780324,-110.9687003
8,19,4097,32.1877205,-110.9946412
8,19,5518,32.1698818,-110.9985872
8,19,6876,32.1554437,-111.0001052
8,19,3079,32.129364700000004,-111.0018799
8,19,4896,32.1437169,-111.0034199
8,19,4276,32.1888443,-110.9837833
8,19,5199,32.2692028,-110.9582158
8,19,3210,32.2639168,-110.9670778
8,19,3707,32.2691453,-110.9766652
8,19,4992,32.272288,-110.9366015
8,19,3484,32.2641229,-110.949371
8,19,2307,32.27924,-110.9482516
8,19,2206,32.2683005,-110.9183399
8,19,3885,32.2614084,-110.9182964
8,19,2311,32.256109,-110.9206905
8,19,5829,32.2506628,-110.9011702
8,19,3448,32.2535518,-110.8839838
8,19,4554,32.2646658,-110.9033057
8,19,2266,32.2678701,-110.890302
8,19,4686,32.2361705,-110.8666887
8,19,4523,32.2471609,-110.8661966
8,19,2053,32.2568401,-110.8685399
8,19,3900,32.2373117,-110.882889
8,19,2855,32.2382787,-110.8983926
8,19,2741,32.2392881,-110.910057
8,19,3044,32.2282505,-110.8963557
8,19,2832,32.2316713,-110.9065091
8,19,4130,32.2137822,-110.8494662
8,19,4088,32.2206105,-110.8666444
8,19,3411,32.2228661,-110.8821858
8,19,5537,32.2162346,-110.8976598
8,19,4327,32.2087025,-110.8755984
8,19,4342,32.1992301,-110.8726145
8,19,2884,32.1995907,-110.8622294
8,19,4475,32.2034251,-110.8916023
8,19,3941,32.2011422,-110.9032046
8,19,4566,32.1836089,-110.8728932
8,19,6997,32.1409816,-110.9583137
8,19,4375,32.1412708,-110.9728113
8,19,5315,32.1266374,-110.9691721
8,19,5426,32.1596545,-110.9523197
8,19,3679,32.1518293,-110.9522876
8,19,3610,32.1699727,-110.973477
8,19,4839,32.1564009,-110.9707923
8,19,1993,32.1550234,-110.9860435
8,19,2676,32.1413315,-110.9855157
8,19,3144,32.1265027,-110.9851617
8,19,4799,32.1990359,-110.8497002
8,19,4021,32.2133968,-110.8343962
8,19,5600,32.1966556,-110.7581644
8,19,4355,32.1701448,-110.8323974
8,19,1820,32.2623955,-110.8539465
8,19,4069,32.2569005,-110.8325423
8,19,3704,32.2434579,-110.8325893
8,19,4152,32.188329,-110.8494049
8,19,3667,32.181209,-110.8489235
8,19,3582,32.185844,-110.8124254
8,19,3071,32.1809029,-110.8154035
8,19,2826,32.1882903,-110.832393
8,19,3040,32.1810056,-110.8323892
8,19,2438,32.2294092,-110.827945
8,19,4966,32.228142,-110.781232
8,19,3989,32.2135906,-110.7812274
8,19,3958,32.2245599,-110.7511249
8,19,4574,32.2429728,-110.8150955
8,19,2901,32.2439336,-110.8038756
8,19,4577,32.2281566,-110.7982757
8,19,3144,32.2135965,-110.7982747
8,19,1901,32.2745208,-110.7642524
8,19,3084,32.2766937,-110.8011077
8,19,1496,32.2840301,-110.781441
8,19,3404,32.2541063,-110.7815915
8,19,2274,32.1851298,-110.7961136
8,19,4768,32.1819927,-110.780578
8,19,4393,32.169448,-110.8007526
8,19,7483,32.1387607,-110.7687946
8,19,3729,32.1056985,-110.788797
8,19,2972,32.0974037,-110.7770346
8,19,2898,32.2405665,-110.849048
8,19,4869,32.2279762,-110.8445603
8,19,4060,32.2139514,-110.8211377
8,19,3273,32.2138056,-110.8106328
8,19,4885,32.2287663,-110.8193654
8,19,2461,32.2276876,-110.8110436
8,19,6077,32.1156782,-110.825157
8,19,1885,32.0862173,-110.7888611
8,19,2703,32.1987952,-110.8222076
8,19,5177,32.1983949,-110.834137
8,19,3162,32.1986441,-110.7952529
8,19,3263,32.2004871,-110.8095105
8,19,3058,32.2940812,-110.8189517
8,19,3805,32.2734554,-110.8222591
8,19,3348,32.1559551,-110.9392172
8,19,2715,32.1459532,-110.8998957
8,19,4834,32.0166543,-110.9099028
8,19,6672,32.1434925,-110.9186326
8,19,2593,32.1384937,-110.9029842
8,19,6164,32.1605813,-110.9277474
8,19,5274,32.1512228,-110.8922273
8,19,4056,32.1414071,-110.9370743
8,19,6779,32.0903533,-110.8836205
8,19,4643,32.0881401,-110.8387616
8,19,2500,32.0947544,-110.8336469
8,19,2405,32.169079,-111.0316035
8,19,4216,32.1496181,-111.0512363
8,19,5659,32.1447324,-111.0277887
8,19,2527,32.1224229,-111.0581611
8,19,4569,32.1263157,-111.0364601
8,19,6341,32.11569,-111.0306617
8,19,4056,31.977262,-110.963758
8,19,3894,32.1513189,-111.0859195
8,19,8429,31.9934487,-110.9795961
8,19,4208,31.9759641,-110.9799624
8,19,6219,32.1190278,-111.1118925
8,19,3500,32.1906338,-111.0862316
8,19,5925,32.1941491,-111.0052867
8,19,3292,32.2634748,-111.0329343
8,19,3159,32.2430537,-111.0296803
8,19,3110,32.2421038,-111.0142411
8,19,1602,32.2195864,-111.0067626
8,19,3429,32.3086954,-111.0649581
8,19,5711,32.2041034,-111.0631087
8,19,3187,32.2719554,-111.1260762
8,19,3363,32.2199818,-111.0245315
8,19,3713,32.2494182,-111.0476363
8,19,3618,32.1829966,-111.1124189
8,19,3961,32.2711693,-110.9918647
8,19,5076,32.3024582,-111.0270615
8,19,4331,32.2849076,-110.9857186
8,19,4195,32.2866046,-110.9671622
8,19,4607,32.2796583,-110.9669487
8,19,4198,32.2911491,-111.0106422
8,19,3151,32.2836988,-111.0027616
8,19,3669,32.2739235,-111.0050304
8,19,3866,32.257748,-111.0021925
8,19,6655,32.3149439,-111.0235556
8,19,4017,32.3286184,-111.0472414
8,19,3436,32.344588,-110.9944611
8,19,3377,32.3301207,-110.9945184
8,19,4496,32.31069,-111.0032124
8,19,3249,32.3183972,-110.9851563
8,19,3404,32.3035958,-110.9870329
8,19,3413,32.3837559,-110.981418
8,19,1852,32.3723894,-110.9783892
8,19,2452,32.3631685,-111.001029
8,19,2996,32.3593044,-110.9839524
8,19,6316,32.3647046,-111.030723
8,19,6024,32.3486878,-111.0391555
8,19,2030,32.3515288,-111.0211645
8,19,3574,32.3421269,-111.0209485
8,19,2735,32.330309,-111.0333018
8,19,1245,32.3301897,-111.0208646
8,19,2642,32.3844689,-111.0213325
8,19,2989,32.3929564,-110.997151
8,19,4688,32.3524508,-111.0677699
8,19,3835,32.3446692,-111.0549946
8,19,4323,32.2837353,-110.9359423
8,19,4789,32.3080102,-110.9197539
8,19,3393,32.2915675,-110.9081709
8,19,4005,32.3487459,-110.9534523
8,19,5573,32.3308559,-110.9410608
8,19,2231,32.3301564,-110.8926307
8,19,2273,32.3159296,-110.8839199
8,19,1387,32.2987511,-110.867221
8,19,3893,32.2769247,-110.8607464
8,19,2531,32.2898393,-110.8482194
8,19,4808,32.2983493,-110.8329788
8,19,2507,32.288972,-110.8838153
8,19,2957,32.3090255,-110.9691791
8,19,4047,32.3087678,-110.9476371
8,19,2827,32.3240889,-110.8381921
8,19,2935,32.3217467,-110.8635288
8,19,3585,32.211718,-110.9728865
8,19,2210,32.0552464,-111.0853073
8,19,3759,32.1156423,-111.079321
8,19,3,32.0952439,-110.9380618
8,19,1,32.115317,-110.9245429
8,19,1918,32.0834878,-110.8657761
8,19,4855,32.0676128,-110.8671722
8,19,5,32.1548376,-110.8423567
8,19,1646,32.2024377,-110.9918399
9,13,5799,33.4559724,-111.6080757
9,13,4082,33.4297294,-111.6240166
9,13,3342,33.4283654,-111.5878372
9,13,3169,33.4176452,-111.6198016
9,13,3004,33.4187068,-111.5941823
9,13,6986,33.3952671,-111.6080157
9,13,2984,33.371764400000004,-111.6618167
9,13,4065,33.411671,-111.6199575
9,13,3577,33.4114968,-111.5927476
9,13,4783,33.401033,-111.6256677
9,13,4098,33.4005952,-111.6414096
9,13,5457,33.3864184,-111.6577775
9,13,5077,33.3719534,-111.6447742
9,13,5886,33.3718082,-111.6274308
9,13,5862,33.3542368,-111.6101061
9,13,9208,33.3361164,-111.617867
9,13,5827,33.3356547,-111.5965559
9,13,6397,33.3353506,-111.5879989
9,13,2900,33.3562128,-111.5929183
9,13,5260,33.371689,-111.6101572
9,13,2781,33.3747073,-111.5916524
9,13,4602,33.398281,-111.5911947
9,13,5858,33.3564637,-111.6704791
9,13,3529,33.3574814,-111.6445179
9,13,1890,33.3899849,-111.6401791
9,13,4871,33.3870659,-111.6283437
9,13,5,33.305743,-111.6550857
9,13,1289,33.3020039,-111.6782166
9,13,7909,33.2686292,-111.8045641
9,13,2232,33.268879,-111.7843237
9,13,6773,33.2541964,-111.8506414
9,13,3303,33.2557023,-111.7811138
9,13,6012,33.2559223,-111.7974145
9,13,3363,33.2390719,-111.8692301
9,13,6077,33.2340884,-111.8512644
9,13,3708,33.2404309,-111.8326323
9,13,4852,33.2407344,-111.8153055
9,13,6713,33.2411878,-111.7895164
9,13,4825,33.2186197,-111.8325634
9,13,3905,33.2243965,-111.8108669
9,13,4786,33.2264862,-111.7723597
9,13,2510,33.2111576,-111.8497733
9,13,2913,33.2116679,-111.8151375
9,13,6104,33.211912,-111.7977869
9,13,2736,33.2119505,-111.78087120000001
9,13,6160,33.211967,-111.7640221
9,13,3629,33.3321976,-111.7042081
9,13,6047,33.3249906,-111.7041038
9,13,5506,33.3140755,-111.7303121
9,13,5551,33.314716,-111.6944018
9,13,3341,33.3106358,-111.712509
9,13,3778,33.3178614,-111.7125663
9,13,3849,33.2845812,-111.7423867
9,13,6512,33.2951212,-111.762801
9,13,4502,33.2991976,-111.731348
9,13,2640,33.3014738,-111.7474296
9,13,1246,33.3008625,-111.698359
9,13,5736,33.2981284,-111.7120433
9,13,5644,33.2861635,-111.7129746
9,13,6465,33.284457,-111.6970011
9,13,6438,33.2720015,-111.7629539
9,13,5394,33.2558377,-111.7553152
9,13,4030,33.2662307,-111.7302261
9,13,3964,33.246907,-111.7275893
9,13,2643,33.2411589,-111.7554321
9,13,6839,33.2114452,-111.733743
9,13,4670,33.2239865,-111.7404553
9,13,7437,33.2694864,-111.708585
9,13,4059,33.2729999,-111.693466
9,13,3085,33.256894,-111.6942796
9,13,4315,33.2558983,-111.7117957
9,13,3912,33.241,-111.7118845
9,13,4878,33.2185218,-111.7122846
9,13,2220,33.2277062,-111.6977013
9,13,2318,33.2158225,-111.6901623
9,13,5354,33.2736959,-111.6790785
9,13,2634,33.2572087,-111.677526
9,13,7767,33.2588353,-111.6553095
9,13,5903,33.2392822,-111.5955564
9,13,2514,33.2558363,-111.6002581
9,13,3039,33.259692,-111.6242528
9,13,3310,33.2720505,-111.6220011
9,13,3955,33.2416507,-111.656567
9,13,3591,33.231,-111.6198616
9,13,3286,33.2471804,-111.6293247
9,13,5401,33.2370687,-111.6140859
9,13,7797,33.2175055,-111.6388018
9,13,5561,33.224064,-111.8708141
9,13,3070,33.2092441,-111.8860421
9,13,2847,33.2109369,-111.867066
9,13,6885,33.3117564,-111.6314193
9,21,13220,33.270877,-111.5700008
9,21,8458,33.2055385,-111.5420815
9,21,4709,33.1528795,-111.4745501
9,21,5432,33.1544201,-111.5390551
9,21,7918,33.1326014,-111.5190398
9,21,3246,33.1569,-111.6387764
9,21,4786,33.2419877,-111.5172763
9,21,6653,33.2303511,-111.4366176
9,21,5585,33.2260207,-111.554381
9,21,3353,33.2434357,-111.556314
9,21,3914,33.2365888,-111.55285
9,21,5751,33.1743704,-111.5969629
9,21,6462,33.1875459,-111.6048431
9,21,5045,33.1994956,-111.6015029
9,21,7934,33.2002865,-111.5736147
9,21,2886,33.1853851,-111.5862945
9,21,6855,33.1756062,-111.5582194
9,21,4377,33.1487219,-111.5602043
9,21,2130,33.1381356,-111.5503267
9,21,5567,33.1368656,-111.563931
9,21,2568,33.4508459,-111.5386902
9,21,3118,33.4260201,-111.5546824
9,21,3183,33.4204328,-111.5259361
9,21,2877,33.431705,-111.4926992
9,21,3850,33.4113667,-111.5637657
9,21,4733,33.4005789,-111.5719817
9,21,5072,33.4007996,-111.5293903
9,21,7422,33.385386,-111.4658192
9,21,2394,33.3862674,-111.5654713
9,21,1677,33.344615,-111.4984439
9,21,2130,33.4186958,-111.571996
9,21,3444,33.4295744,-111.572019
9,21,3238,33.3969465,-111.5547279
9,21,2035,33.4041955,-111.5547092
9,21,4905,33.3863124,-111.5200168
9,21,2187,33.3860454,-111.537427
9,21,1963,33.0601339,-111.4340683
9,21,5715,33.0927252,-111.4759757
9,21,6583,33.0675626,-111.4975568
9,21,3069,33.0340797,-111.3667929
9,21,2240,33.0153046,-111.4141753
9,21,6544,33.0411151,-111.3746831
9,21,875,33.0461919,-111.3790303
9,21,4802,32.97727,-111.5023237
9,21,8146,32.9840426,-111.5540354
9,21,4173,32.9049354,-111.5646675
9,21,1490,32.9489659,-111.690199
9,21,6307,32.9236049,-111.7397102
9,21,5819,32.9014574,-111.739916
9,21,5238,32.9087965,-111.7740615
9,21,2465,32.9452762,-111.7739979
9,21,5565,32.9148098,-111.705961
9,21,5082,32.9604616,-111.7378486
9,21,4681,32.8868409,-111.7486392
9,21,4009,32.8868468,-111.7313053
9,21,3890,32.8869187,-111.7048879
9,21,4874,32.855361,-111.7413115
9,21,1795,32.853456,-111.7035924
9,21,2872,32.8645508,-111.6698954
9,21,3270,32.8663024,-111.7809956
9,21,5373,32.9011785,-111.8479858
9,21,886,33.0348282,-112.155609
9,21,7461,33.0491201,-112.0598596
9,21,7885,33.0789461,-112.0255707
9,21,5494,33.0648612,-112.0392778
9,21,4289,33.051521,-112.0405241
9,21,7624,33.0731861,-112.0048063
9,21,5168,33.0619411,-111.9748342
9,21,3087,33.0511274,-112.0050147
9,21,4621,33.0240423,-111.9858503
9,21,4773,33.0760738,-112.0603814
9,21,5408,33.0513738,-112.0221389
9,21,2343,33.0666041,-112.0240615
9,21,2415,32.7831625,-111.6667915
9,21,4394,32.8127701,-111.609295
9,21,3918,32.7556079,-111.5375952
9,21,6407,32.8141161,-111.5411188
9,21,4218,32.7479303,-111.662053
9,21,5365,32.7503053,-111.6859713
9,21,1042,32.6754738,-111.6632045
9,21,7117,33.0826912,-111.6927414
9,21,3381,33.1360688,-112.0019481
9,21,4806,32.9329373,-112.1237742
9,21,2377,32.7153071,-111.9923352
