tract_new,county,pop100,intptlat,intptlon,tract
001000100,001,3370,39.6365143,-78.5094487,000100
001000200,001,4097,39.6123134,-78.7031037,000200
001000500,001,2055,39.6546637,-78.7294891,000500
001000600,001,3081,39.6409546,-78.7398353,000600
001000700,001,3330,39.6329587,-78.7526552,000700
001000800,001,1902,39.6288831,-78.7630037,000800
001001000,001,2126,39.657356,-78.7675027,001000
001001100,001,1431,39.6510064,-78.7722271,001100
001001200,001,2899,39.6560734,-78.787004,001200
001001300,001,4990,39.6281555,-78.8084386,001300
001001401,001,3890,39.6432593,-78.8338076,001401
001001402,001,1439,39.6519192,-78.8099723,001402
001001502,001,1845,39.7081979,-78.8033273,001502
001001503,001,1716,39.7091742,-78.8684222,001503
001001600,001,1618,39.6898438,-78.9301097,001600
001001700,001,4300,39.6632838,-78.8720813,001700
001001800,001,3891,39.6570617,-78.9459687,001800
001001900,001,2514,39.608748,-78.9349249,001900
001002000,001,5370,39.564116,-78.8950854,002000
001002100,001,3055,39.5551974,-78.9860824,002100
001002200,001,3684,39.4980725,-78.9858124,002200
001002300,001,5503,39.6850094,-78.7422979,002300
003701101,003,4369,38.9420308,-76.5686167,701101
003701103,003,3690,38.9352164,-76.5439597,701103
003701104,003,4083,38.9396531,-76.5514014,701104
003701201,003,3864,38.8823379,-76.5051044,701201
003701202,003,4968,38.9133331,-76.5241197,701202
003701301,003,4003,38.9270086,-76.63404,701301
003701302,003,4035,38.8664553,-76.6450598,701302
003701400,003,3503,38.872325,-76.572429,701400
003702100,003,6854,39.0477861,-76.5998868,702100
003702204,003,4465,38.9957146,-76.6908109,702204
003702205,003,5881,39.0084143,-76.6922957,702205
003702206,003,6651,39.0112905,-76.669753,702206
003702208,003,8244,39.0316327,-76.6666917,702208
003702209,003,4400,39.0209496,-76.6838414,702209
003702300,003,5799,38.9721265,-76.6535183,702300
003702402,003,7373,38.9765291,-76.5659981,702402
003702500,003,6850,38.96222,-76.5264133,702500
003702601,003,5689,38.9388829,-76.5066358,702601
003702602,003,5952,38.9295692,-76.4717492,702602
003702702,003,4108,39.0169711,-76.5514142,702702
003702703,003,2503,39.0001524,-76.512991,702703
003702704,003,2618,38.9896868,-76.5374493,702704
003706102,003,2337,38.9766586,-76.4939392,706102
003706103,003,1463,38.9794364,-76.4890898,706103
003706302,003,3354,38.9687794,-76.4822873,706302
003706303,003,2474,38.9547453,-76.485616,706303
003706304,003,2249,38.9541818,-76.4722362,706304
003706402,003,3520,38.9652738,-76.494521,706402
003706403,003,4104,38.964042,-76.5038205,706403
003706404,003,2872,38.9558576,-76.4972929,706404
003706500,003,5511,38.972976,-76.522379,706500
003706600,003,5413,38.988232000000004,-76.5105433,706600
003706700,003,621,38.985208,-76.4878325,706700
003707001,003,6060,38.8202066,-76.5292506,707001
003707002,003,4660,38.7860912,-76.5407083,707002
003708001,003,3792,38.7483483,-76.5739064,708001
003708004,003,6203,38.8010585,-76.6451073,708004
003730101,003,2311,39.1557034,-76.5598068,730101
003730102,003,12283,39.1801207,-76.5569878,730102
003730204,003,7019,39.1441049,-76.5779693,730204
003730205,003,2345,39.1384252,-76.5940617,730205
003730206,003,3398,39.1522873,-76.5929712,730206
003730300,003,3309,39.1537232,-76.6069748,730300
003730401,003,5469,39.1542757,-76.6314101,730401
003730403,003,4085,39.1460527,-76.6250808,730403
003730404,003,2421,39.1434626,-76.6110432,730404
003730507,003,4274,39.1294004,-76.6049714,730507
003730508,003,2549,39.1358095,-76.6207338,730508
003730509,003,5076,39.1172646,-76.6126917,730509
003730510,003,3554,39.1217611,-76.6231698,730510
003730511,003,1552,39.1389062,-76.6299532,730511
003730512,003,2245,39.1302015,-76.6275732,730512
003730513,003,1604,39.1246253,-76.635292,730513
003730514,003,3091,39.1308179,-76.6354304,730514
003730601,003,7052,39.0992558,-76.6125962,730601
003730603,003,3292,39.104881,-76.5850585,730603
003730605,003,2877,39.0860093,-76.5626359,730605
003730606,003,5066,39.0876124,-76.5854594,730606
003730701,003,2784,39.0533281,-76.5366194,730701
003730702,003,4662,39.0728244,-76.5674308,730702
003730800,003,2435,39.033487,-76.5202821,730800
003730901,003,2732,38.998981,-76.47178,730901
003730902,003,4022,39.0072068,-76.4432215,730902
003731002,003,3162,39.0291487,-76.4152462,731002
003731003,003,4444,39.0442342,-76.4413282,731003
003731004,003,4524,39.0488108,-76.4521535,731004
003731103,003,5974,39.0343178,-76.4946333,731103
003731104,003,4557,39.0574102,-76.496011,731104
003731105,003,3504,39.0688644,-76.5027325,731105
003731106,003,4297,39.0437081,-76.4771306,731106
003731107,003,3625,39.0563016,-76.47295,731107
003731201,003,6619,39.066175200000004,-76.5238577,731201
003731205,003,4283,39.1022306,-76.5149391,731205
003731206,003,3360,39.0873767,-76.4791077,731206
003731207,003,3323,39.0921257,-76.5467396,731207
003731208,003,3927,39.1055529,-76.5518689,731208
003731209,003,5587,39.1279202,-76.569685,731209
003731210,003,2130,39.1138104,-76.5366071,731210
003731303,003,6734,39.0992681,-76.4535079,731303
003731306,003,6474,39.144659,-76.4656159,731306
003731307,003,6687,39.1270648,-76.5071026,731307
003731308,003,3567,39.1650148,-76.5098833,731308
003731309,003,5345,39.1516841,-76.5196043,731309
003731310,003,5272,39.1448788,-76.5344405,731310
003731312,003,4837,39.1357913,-76.5436027,731312
003731313,003,3255,39.1361759,-76.5592936,731313
003740103,003,9197,39.1451374,-76.7129445,740103
003740104,003,9010,39.129525,-76.715048,740104
003740105,003,4324,39.119983,-76.7014493,740105
003740106,003,3723,39.148391,-76.7621355,740106
003740107,003,3732,39.1587777,-76.7305153,740107
003740108,003,5992,39.1441698,-76.7398165,740108
003740203,003,6655,39.1210437,-76.6670415,740203
003740204,003,4046,39.1421509,-76.6497823,740204
003740205,003,3557,39.1424176,-76.6397409,740205
003740303,003,4727,39.1182004,-76.6908605,740303
003740304,003,6628,39.0898801,-76.6930797,740304
003740305,003,10915,39.1063011,-76.7124403,740305
003740400,003,3937,39.1356891,-76.7765632,740400
003740501,003,5764,39.104748,-76.8168921,740501
003740502,003,5331,39.1141421,-76.8015595,740502
003740601,003,5432,39.122717,-76.7570794,740601
003740602,003,2975,39.1185801,-76.7350879,740602
003740603,003,2785,39.065069,-76.7566355,740603
003740701,003,6270,39.0696139,-76.7150188,740701
003740703,003,5771,39.0560258,-76.7033716,740703
003740704,003,6959,39.0333668,-76.7189496,740704
003740800,003,4709,39.0673318,-76.663831,740800
003740900,003,7748,39.0719725,-76.693703,740900
003741000,003,2686,39.0962163,-76.6543558,741000
003750101,003,4780,39.2242942,-76.6079995,750101
003750102,003,2753,39.2313057,-76.6189363,750102
003750201,003,3327,39.2149366,-76.6338246,750201
003750204,003,5338,39.2154046,-76.6054141,750204
003750300,003,2761,39.2212465,-76.6510054,750300
003750400,003,4255,39.2050248,-76.649372,750400
003750801,003,5827,39.1838052,-76.6424084,750801
003750803,003,7293,39.1972717,-76.6244171,750803
003750804,003,3971,39.1815368,-76.622678,750804
003750900,003,3353,39.1668253,-76.6285625,750900
003751000,003,3997,39.1675862,-76.6121915,751000
003751102,003,4227,39.192501300000004,-76.5947761,751102
003751103,003,5766,39.1734342,-76.5928562,751103
003751200,003,5321,39.1924169,-76.6953868,751200
003751400,003,4414,39.1491532,-76.6739339,751400
003751500,003,8062,39.0920737,-76.8005806,751500
003751600,003,5392,38.9946575,-76.600476,751600
003751700,003,3022,39.0180009,-76.6333087,751700
005400100,005,4638,39.2673208,-76.7073699,400100
005400200,005,2785,39.2736815,-76.7127755,400200
005400400,005,5987,39.2513184,-76.7293575,400400
005400500,005,2863,39.2543871,-76.7516836,400500
005400600,005,3058,39.279055,-76.7183222,400600
005400701,005,3037,39.2847069,-76.7267257,400701
005400702,005,2033,39.2880154,-76.7166223,400702
005400800,005,3098,39.2794434,-76.7353675,400800
005400900,005,2132,39.2786877,-76.7494396,400900
005401000,005,2325,39.2723515,-76.7444264,401000
005401101,005,6773,39.2981461,-76.7339812,401101
005401102,005,955,39.3110803,-76.7306313,401102
005401200,005,3138,39.3179076,-76.7179575,401200
005401301,005,3872,39.2959395,-76.721918,401301
005401302,005,2565,39.2946041,-76.7157345,401302
005401400,005,1630,39.261063300000004,-76.7725829,401400
005401503,005,6732,39.2777485,-76.7754851,401503
005401504,005,6272,39.2992831,-76.7676124,401504
005401505,005,4111,39.2949894,-76.7480081,401505
005401506,005,5230,39.3116085,-76.7803118,401506
005401507,005,6058,39.3133819,-76.7546838,401507
005402201,005,3193,39.3801959,-76.8671733,402201
005402202,005,1593,39.3270886,-76.8184311,402202
005402302,005,5305,39.3529064,-76.7771634,402302
005402303,005,6849,39.3452152,-76.754598,402303
005402304,005,3609,39.3410651,-76.7389938,402304
005402305,005,2055,39.3677873,-76.7428975,402305
005402306,005,4025,39.3627619,-76.768278,402306
005402307,005,6364,39.3599183,-76.7490595,402307
005402403,005,2028,39.331835,-76.7190897,402403
005402404,005,5239,39.3320711,-76.7319837,402404
005402405,005,3407,39.3239409,-76.7369871,402405
005402407,005,1433,39.340334,-76.7697525,402407
005402408,005,2815,39.3261977,-76.7698235,402408
005402409,005,3831,39.3310463,-76.7628832,402409
005402503,005,5104,39.3611816,-76.8026252,402503
005402504,005,4458,39.3673739,-76.8285767,402504
005402505,005,3485,39.380129,-76.8138013,402505
005402506,005,4276,39.3774726,-76.800525,402506
005402510,005,5586,39.3904783,-76.7930038,402510
005402511,005,4851,39.3928436,-76.8025221,402511
005402602,005,2014,39.3671621,-76.7805135,402602
005402603,005,6049,39.3854328,-76.7701845,402603
005402604,005,5988,39.3729256,-76.7674269,402604
005403100,005,2413,39.353095,-76.7333148,403100
005403201,005,3070,39.3549038,-76.7215235,403201
005403202,005,2278,39.3432678,-76.7173005,403202
005403300,005,2424,39.3660523,-76.7353449,403300
005403401,005,3356,39.3760649,-76.7321884,403401
005403402,005,5250,39.3741504,-76.7168009,403402
005403500,005,5949,39.3775747,-76.6978219,403500
005403601,005,4951,39.3852452,-76.6709775,403601
005403602,005,5969,39.3777775,-76.6642845,403602
005403702,005,5476,39.391378,-76.757956,403702
005403703,005,2508,39.3930957,-76.7313561,403703
005403704,005,4578,39.4186423,-76.7418515,403704
005403801,005,1678,39.4268689,-76.7049868,403801
005403802,005,2971,39.4058025,-76.7019267,403802
005403803,005,3652,39.38729,-76.6973084,403803
005404101,005,7434,39.4241613,-76.8203443,404101
005404102,005,5579,39.4231213,-76.7942606,404102
005404201,005,5887,39.443624,-76.7936255,404201
005404202,005,8641,39.4316056,-76.7762307,404202
005404402,005,6333,39.4741488,-76.7977129,404402
005404403,005,5202,39.4440222,-76.8184145,404403
005404404,005,4854,39.4703962,-76.8259698,404404
005404501,005,6815,39.4568563,-76.8128263,404501
005404502,005,4064,39.4467503,-76.8050358,404502
005404600,005,2620,39.5083225,-76.8146134,404600
005404800,005,2057,39.454442,-76.8550132,404800
005404900,005,4681,39.4558233,-76.7436978,404900
005405000,005,4587,39.5891874,-76.7735238,405000
005406000,005,5762,39.6806375,-76.736502,406000
005407001,005,3327,39.6045199,-76.6762169,407001
005407002,005,5532,39.6777876,-76.6167754,407002
005408100,005,6314,39.5321363,-76.6402639,408100
005408200,005,1955,39.5158203,-76.6987505,408200
005408302,005,2873,39.4372147,-76.675954,408302
005408303,005,3496,39.4688739,-76.712107,408303
005408304,005,4732,39.4700629,-76.6919322,408304
005408400,005,1309,39.4815609,-76.6522133,408400
005408502,005,5765,39.4567465,-76.5937653,408502
005408503,005,3812,39.4607993,-76.6214632,408503
005408505,005,3973,39.4507082,-76.6254877,408505
005408506,005,4981,39.4706845,-76.6089015,408506
005408507,005,6416,39.4652387,-76.6214365,408507
005408601,005,4035,39.4388041,-76.6148696,408601
005408602,005,2162,39.4272664,-76.6106195,408602
005408702,005,2477,39.4153592,-76.6459383,408702
005408703,005,6350,39.4461907,-76.6487871,408703
005408704,005,5851,39.4267448,-76.6525388,408704
005408800,005,2452,39.4273663,-76.6286048,408800
005408900,005,2878,39.4868209,-76.6285734,408900
005410100,005,6095,39.5608448,-76.5865667,410100
005410200,005,5175,39.5033465,-76.5405825,410200
005411101,005,2206,39.4510597,-76.4477471,411101
005411102,005,3059,39.4291592,-76.4038729,411102
005411201,005,3262,39.4895242,-76.4776298,411201
005411202,005,3853,39.4487491,-76.5124737,411202
005411302,005,4675,39.3901158,-76.4055821,411302
005411303,005,6415,39.3991317,-76.4712432,411303
005411306,005,5906,39.3843972,-76.4838146,411306
005411307,005,3730,39.3815459,-76.4584202,411307
005411308,005,4021,39.389017,-76.4499259,411308
005411309,005,9486,39.4106874,-76.440523,411309
005411404,005,3738,39.4053137,-76.5063538,411404
005411406,005,4340,39.4274115,-76.4649757,411406
005411408,005,4041,39.3915379,-76.4962067,411408
005411409,005,5343,39.4148195,-76.4913155,411409
005411410,005,4548,39.4046359,-76.4899154,411410
005411411,005,3655,39.3881772,-76.5187983,411411
005411412,005,3702,39.3842975,-76.5058196,411412
005411413,005,2473,39.39265,-76.5087827,411413
005420100,005,3468,39.2787165,-76.4986235,420100
005420200,005,3217,39.2579978,-76.5000511,420200
005420301,005,2251,39.2750564,-76.4863416,420301
005420302,005,2828,39.2699382,-76.4863934,420302
005420303,005,1319,39.2674076,-76.4896599,420303
005420401,005,6679,39.2575511,-76.490504,420401
005420402,005,2190,39.258737000000004,-76.4839965,420402
005420500,005,4054,39.286167,-76.5230943,420500
005420600,005,4835,39.2864361,-76.5147666,420600
005420701,005,3313,39.2771778,-76.5138352,420701
005420702,005,2285,39.275929,-76.5254115,420702
005420800,005,3633,39.267765,-76.5150016,420800
005420900,005,3973,39.2626709,-76.5219015,420900
005421000,005,2138,39.2608517,-76.5274133,421000
005421101,005,3276,39.2551114,-76.5162085,421101
005421102,005,2646,39.2498575,-76.5233725,421102
005421200,005,1861,39.2473669,-76.499526,421200
005430101,005,4898,39.2372882,-76.6455359,430101
005430104,005,2842,39.2368901,-76.6372341,430104
005430200,005,3000,39.2468121,-76.6548772,430200
005430300,005,5998,39.236784,-76.6582815,430300
005430400,005,4398,39.2463617,-76.678178,430400
005430600,005,2690,39.2295654,-76.7050578,430600
005430700,005,5116,39.2411073,-76.702365,430700
005430800,005,3749,39.2524268,-76.6984755,430800
005430900,005,5702,39.262105,-76.6942579,430900
005440100,005,4458,39.3788552,-76.5310291,440100
005440200,005,2689,39.3685732,-76.5234279,440200
005440300,005,2258,39.3776822,-76.5129551,440300
005440400,005,5440,39.349564,-76.5224597,440400
005440500,005,3382,39.3563999,-76.5101481,440500
005440600,005,2396,39.3714528,-76.4818923,440600
005440701,005,7268,39.3461092,-76.4817536,440701
005440702,005,5178,39.3625346,-76.4585207,440702
005440800,005,3348,39.3644637,-76.497536,440800
005440900,005,3754,39.3421732,-76.5012429,440900
005441000,005,3794,39.3347489,-76.523532,441000
005441101,005,2462,39.33256,-76.5069788,441101
005441102,005,4860,39.3246083,-76.5204432,441102
005450100,005,3988,39.3146882,-76.503763,450100
005450200,005,3415,39.3139419,-76.4807705,450200
005450300,005,3659,39.318468,-76.4674481,450300
005450400,005,2490,39.3002921,-76.4730167,450400
005450501,005,4107,39.3072145,-76.4550508,450501
005450503,005,5949,39.2999399,-76.4529443,450503
005450504,005,5452,39.3027212,-76.4454449,450504
005450800,005,4203,39.3198517,-76.4418916,450800
005450900,005,4335,39.2961824,-76.4124315,450900
005451000,005,1702,39.2700471,-76.4010847,451000
005451100,005,2386,39.2900533,-76.4465244,451100
005451200,005,3941,39.3371528,-76.4698689,451200
005451300,005,3637,39.3442131,-76.4535788,451300
005451401,005,4357,39.3461668,-76.4457326,451401
005451402,005,5686,39.3406988,-76.4338936,451402
005451500,005,4137,39.3211792,-76.4338462,451500
005451600,005,1896,39.3233821,-76.4148773,451600
005451701,005,7200,39.3525707,-76.4215334,451701
005451702,005,1870,39.3690325,-76.3786681,451702
005451801,005,5394,39.3546366,-76.34638,451801
005451802,005,4015,39.3178542,-76.349936,451802
005451803,005,4653,39.3251943,-76.3726499,451803
005451900,005,2764,39.245241,-76.3573513,451900
005452000,005,2522,39.2401562,-76.4478816,452000
005452100,005,3651,39.2236072,-76.4539182,452100
005452300,005,3334,39.3019243,-76.5093967,452300
005452400,005,3315,39.2728127,-76.470866,452400
005452500,005,4157,39.2656012,-76.4727692,452500
005490100,005,4221,39.4247883,-76.566473,490100
005490200,005,2984,39.4182353,-76.6105837,490200
005490302,005,3634,39.4070358,-76.5868155,490302
005490303,005,3675,39.410704,-76.6182784,490303
005490304,005,4177,39.4087199,-76.6051852,490304
005490400,005,1878,39.3974859,-76.6532267,490400
005490500,005,3655,39.3915989,-76.6364254,490500
005490601,005,2248,39.3751195,-76.6142272,490601
005490602,005,3195,39.3813161,-76.61318,490602
005490603,005,2399,39.3755535,-76.6234168,490603
005490605,005,6524,39.3912441,-76.6191961,490605
005490701,005,1512,39.4063886,-76.6260724,490701
005490703,005,3069,39.4004252,-76.6130572,490703
005490800,005,3249,39.3896673,-76.5982588,490800
005490900,005,4695,39.398699,-76.5943925,490900
005491000,005,2441,39.3799958,-76.5979781,491000
005491100,005,3650,39.3743754,-76.5985935,491100
005491201,005,1888,39.3969995,-76.5745522,491201
005491202,005,1850,39.3902908,-76.5756967,491202
005491300,005,3234,39.3834398,-76.5853967,491300
005491401,005,5135,39.3774964,-76.5745584,491401
005491402,005,3125,39.3784901,-76.5637188,491402
005491500,005,4293,39.3862259,-76.5659298,491500
005491600,005,3345,39.3964395,-76.5600499,491600
005491701,005,4281,39.4053469,-76.5453972,491701
005491900,005,1983,39.3949827,-76.5370708,491900
005492001,005,1463,39.3909508,-76.5544496,492001
005492002,005,4012,39.3855342,-76.5486106,492002
005492101,005,3890,39.3844519,-76.539578,492101
005492102,005,2091,39.3745753,-76.5543589,492102
005492200,005,4872,39.4088364,-76.521342,492200
005492300,005,4143,39.3266182,-76.4527645,492300
005492401,005,3857,39.3891702,-76.8180502,492401
005492402,005,6685,39.4002515,-76.8116861,492402
005492500,005,4383,39.2571862,-76.711824,492500
005492600,005,3475,39.4110303,-76.5318285,492600
005492700,005,3156,39.2174267,-76.4879121,492700
005980200,005,6,39.2276652,-76.6816917,980200
009860103,009,6290,38.7374016,-76.6702766,860103
009860200,009,6280,38.6758822,-76.6579871,860200
009860300,009,4291,38.6629535,-76.5793751,860300
009860402,009,3958,38.6689117,-76.5420675,860402
009860403,009,3456,38.6894562,-76.5544036,860403
009860404,009,6567,38.7080371,-76.5615839,860404
009860501,009,7145,38.6032383,-76.5619789,860501
009860502,009,2843,38.579279,-76.5203131,860502
009860600,009,7126,38.6160327,-76.6355421,860600
009860701,009,2877,38.5439619,-76.6309766,860701
009860702,009,3453,38.5706394,-76.5778835,860702
009860703,009,4042,38.4831446,-76.6074909,860703
009860801,009,7092,38.4464607,-76.53816,860801
009860901,009,4739,38.3502934,-76.4536627,860901
009860902,009,2992,38.4015851,-76.4705743,860902
009861003,009,6517,38.3394149,-76.427426,861003
009861004,009,7201,38.3586351,-76.4076066,861004
009861100,009,5914,38.4588399,-76.4736433,861100
011955000,011,3368,39.0870411,-75.8066003,955000
011955100,011,5484,38.984729,-75.8033534,955100
011955201,011,3793,38.9594362,-75.8780242,955201
011955202,011,2124,38.8886841,-75.9036435,955202
011955301,011,4267,38.8624326,-75.7768105,955301
011955302,011,3393,38.8740492,-75.8294365,955302
011955400,011,2039,38.7828091,-75.830561,955400
011955500,011,3831,38.7407072,-75.9326722,955500
011955600,011,4994,38.7068793,-75.7661753,955600
013501001,013,4579,39.6754541,-77.136443,501001
013501002,013,5279,39.6706736,-77.189009,501002
013502000,013,4137,39.6123747,-77.105007,502000
013503000,013,5460,39.6804334,-77.0358316,503000
013504100,013,5112,39.5322347,-76.8964892,504100
013504201,013,6504,39.5041048,-76.9081305,504201
013504202,013,6180,39.4793778,-76.9523688,504202
013505101,013,4255,39.4278876,-76.9469027,505101
013505102,013,5840,39.414976,-76.8994209,505102
013505203,013,3983,39.3851259,-76.9492567,505203
013505205,013,3649,39.3844793,-76.9327976,505205
013505206,013,3488,39.3736054,-76.9187527,505206
013505207,013,3927,39.3937299,-76.9673047,505207
013505208,013,5138,39.3747693,-76.9768098,505208
013506101,013,4732,39.6850998,-76.935193,506101
013506102,013,4445,39.6271134,-76.9220029,506102
013506200,013,5454,39.6921647,-76.8476447,506200
013507500,013,5379,39.6202712,-77.0304991,507500
013507601,013,5148,39.612989,-76.9799846,507601
013507602,013,4286,39.5745368,-76.9658086,507602
013507702,013,3944,39.551559,-77.0263816,507702
013507703,013,2838,39.5710577,-77.0352208,507703
013507704,013,6176,39.5871296,-77.0312098,507704
013507801,013,5929,39.5555909,-77.0019547,507801
013507802,013,4754,39.5290769,-77.0032521,507802
013508103,013,7778,39.6340147,-76.8340409,508103
013508200,013,6928,39.5844102,-76.8784029,508200
013509001,013,4710,39.47039,-77.0648802,509001
013509002,013,2798,39.4388686,-77.0948506,509002
013510000,013,1326,39.6289823,-77.2397116,510000
013511000,013,3693,39.5362529,-77.0856235,511000
013512000,013,1526,39.5720218,-77.1715007,512000
013513001,013,5051,39.399685,-77.140079,513001
013513002,013,5731,39.3845572,-77.1149795,513002
013514100,013,3849,39.4453298,-76.9943458,514100
013514201,013,5371,39.3984893,-77.0495832,514201
013514202,013,3514,39.3901546,-76.9921556,514202
015030100,015,4787,39.421865,-75.9026232,030100
015030200,015,5289,39.5039356,-75.8216075,030200
015030400,015,4956,39.6081745,-75.8372909,030400
015030501,015,4282,39.6585504,-75.8806095,030501
015030503,015,5866,39.6210604,-75.8565829,030503
015030505,015,3936,39.5912101,-75.8114823,030505
015030507,015,3702,39.6238432,-75.8001492,030507
015030508,015,4399,39.610429,-75.8076095,030508
015030601,015,3703,39.6972837,-75.8760343,030601
015030602,015,5168,39.6921633,-75.8050262,030602
015030700,015,5345,39.6847436,-75.9770277,030700
015030903,015,5607,39.5953446,-75.9005683,030903
015030904,015,7103,39.5117314,-75.9618791,030904
015030905,015,2703,39.6334469,-75.9990085,030905
015030907,015,4376,39.5551453,-76.0071096,030907
015030908,015,6239,39.6112111,-75.9672915,030908
015031201,015,6125,39.6206763,-76.1069006,031201
015031202,015,5610,39.5699941,-76.0569606,031202
015031301,015,3378,39.6612743,-76.0700549,031301
015031302,015,7178,39.6973752,-76.0790146,031302
015031400,015,3973,39.6933286,-76.1659565,031400
017850101,017,7030,38.6619481,-77.0984582,850101
017850102,017,2374,38.5951955,-77.093736,850102
017850201,017,972,38.5657919,-77.201418,850201
017850202,017,4647,38.6004992,-77.1451872,850202
017850300,017,1956,38.5530041,-77.1569782,850300
017850400,017,3559,38.4504408,-77.2060697,850400
017850500,017,2775,38.4724635,-77.0902045,850500
017850600,017,4546,38.5266341,-77.0933062,850600
017850706,017,5638,38.6412926,-76.9455906,850706
017850708,017,5281,38.6477177,-76.9353838,850708
017850709,017,7566,38.644537,-76.9006667,850709
017850710,017,5578,38.6268451,-76.9571932,850710
017850711,017,5739,38.6269699,-76.9384389,850711
017850712,017,6117,38.5984332,-77.0367885,850712
017850713,017,9599,38.6280827,-76.9892567,850713
017850801,017,4548,38.6500734,-76.8593942,850801
017850802,017,5937,38.6195583,-76.8560416,850802
017850901,017,5761,38.6119042,-76.9093737,850901
017850902,017,5433,38.5956661,-76.9254057,850902
017850904,017,13090,38.5547766,-76.8970548,850904
017850905,017,4312,38.6020694,-76.885086,850905
017850906,017,4750,38.5985749,-76.8969636,850906
017851001,017,3507,38.5327926,-76.9997715,851001
017851003,017,4438,38.5160231,-76.9506454,851003
017851004,017,5953,38.5540556,-76.9605345,851004
017851100,017,2849,38.4594916,-76.9740673,851100
017851200,017,4675,38.3348487,-76.909535,851200
017851301,017,4900,38.4480974,-76.8729416,851301
017851302,017,4407,38.5203189,-76.8591522,851302
017851401,017,3218,38.579955,-76.7707538,851401
017851402,017,3445,38.531775,-76.7237164,851402
017851403,017,1847,38.5955599,-76.808432,851403
017851501,017,4630,38.6117566,-76.9375292,851501
017851502,017,5540,38.6012971,-76.9687207,851502
019970100,019,2653,38.5600597,-75.7977605,970100
019970200,019,5666,38.6455822,-75.8698959,970200
019970300,019,4577,38.5679194,-75.9440334,970300
019970400,019,3337,38.5704697,-76.0650829,970400
019970500,019,4106,38.5718366,-76.0923067,970500
019970600,019,5232,38.5577702,-76.0969661,970600
019970702,019,3862,38.5767742,-76.1841561,970702
019970804,019,1788,38.4426483,-76.216291,970804
019970900,019,1310,38.3445398,-76.0240614,970900
021740200,021,5027,39.4923785,-77.3629588,740200
021750100,021,1651,39.4209637,-77.4094197,750100
021750200,021,1686,39.4157363,-77.4090222,750200
021750300,021,1728,39.4109494,-77.4158102,750300
021750504,021,6012,39.4246793,-77.4394695,750504
021750505,021,7660,39.4109536,-77.4433531,750505
021750506,021,4321,39.4140488,-77.4637271,750506
021750507,021,4271,39.4266123,-77.4664381,750507
021750508,021,5056,39.424136,-77.453806,750508
021750600,021,2756,39.4194962,-77.4228616,750600
021750701,021,5623,39.4551284,-77.4078207,750701
021750702,021,3822,39.4326934,-77.4203868,750702
021750801,021,2883,39.4324126,-77.4071631,750801
021750802,021,6055,39.455722,-77.3880023,750802
021750804,021,2441,39.4257211,-77.3950189,750804
021750805,021,4914,39.446551,-77.3726272,750805
021751001,021,2076,39.3798137,-77.4408029,751001
021751002,021,5297,39.3835628,-77.4300066,751002
021751003,021,5920,39.3871801,-77.396194,751003
021751004,021,5749,39.3961113,-77.4700084,751004
021751201,021,5702,39.4521276,-77.4266399,751201
021751202,021,6654,39.4525529,-77.4463886,751202
021751203,021,2424,39.4461141,-77.4725942,751203
021751301,021,4752,39.5006996,-77.4670894,751301
021751302,021,3166,39.5407408,-77.4364911,751302
021751600,021,3023,39.5383021,-77.2206287,751600
021751701,021,2463,39.457718,-77.3239141,751701
021751702,021,3782,39.4723055,-77.2091951,751702
021751801,021,5417,39.4104487,-77.2648269,751801
021751802,021,3823,39.4201331,-77.1883485,751802
021751902,021,6005,39.4050409,-77.3398797,751902
021751903,021,6485,39.3607925,-77.2391448,751903
021751904,021,4606,39.3781197,-77.3459482,751904
021751905,021,3755,39.4073122,-77.3038764,751905
021751906,021,2521,39.4012357,-77.2967749,751906
021752001,021,4815,39.3816577,-77.1772797,752001
021752101,021,3661,39.3101667,-77.2805758,752101
021752102,021,6881,39.33305,-77.2867811,752102
021752201,021,2399,39.2908367,-77.3971148,752201
021752202,021,4481,39.3365151,-77.3425194,752202
021752205,021,3571,39.3436882,-77.3349063,752205
021752206,021,5889,39.3370294,-77.3635685,752206
021752301,021,7217,39.3659437,-77.4308471,752301
021752302,021,4274,39.3037786,-77.4542163,752302
021752303,021,3606,39.3099211,-77.4977232,752303
021752501,021,5170,39.3995827,-77.586872,752501
021752502,021,2362,39.3247563,-77.5454082,752502
021752601,021,4481,39.4567413,-77.5181143,752601
021752602,021,2729,39.4106761,-77.5184053,752602
021752603,021,4057,39.4427461,-77.5105935,752603
021752801,021,2192,39.581793,-77.5145169,752801
021752802,021,3654,39.5384807,-77.5802262,752802
021752900,021,3094,39.642645,-77.4409586,752900
021753001,021,4527,39.6040079,-77.4043582,753001
021753002,021,2746,39.633653700000004,-77.3861778,753002
021765100,021,4288,39.4049463,-77.4251109,765100
021766800,021,5872,39.6979835,-77.344928,766800
021767500,021,2792,39.6455539,-77.3204795,767500
021767600,021,3170,39.5459235,-77.3112605,767600
021770700,021,3638,39.475432,-77.548239,770700
021772200,021,1566,39.4123663,-77.383808,772200
021773500,021,4236,39.4686515,-77.345378,773500
021775302,021,5722,39.3408448,-77.623296,775302
021775400,021,3929,39.3128573,-77.6088179,775400
021775600,021,5172,39.4259707,-77.3351285,775600
023000100,023,3980,39.6403643,-79.3770543,000100
023000200,023,3800,39.6530695,-79.1996475,000200
023000300,023,2486,39.620948,-79.0544096,000300
023000400,023,2951,39.4334404,-79.1904653,000400
023000501,023,1426,39.505877,-79.2773019,000501
023000502,023,2638,39.5076913,-79.3448166,000502
023000601,023,4165,39.3845356,-79.4322617,000601
023000602,023,1782,39.4829125,-79.4490359,000602
023000700,023,5578,39.3127447,-79.4139051,000700
025301102,025,4169,39.4955815,-76.2678423,301102
025301105,025,3980,39.4832884,-76.3051023,301105
025301106,025,4125,39.5020942,-76.3170798,301106
025301107,025,3961,39.4650225,-76.3056925,301107
025301108,025,3737,39.4830868,-76.2910882,301108
025301201,025,2033,39.4566683,-76.3498087,301201
025301202,025,7954,39.4862257,-76.3315415,301202
025301204,025,4476,39.4665765,-76.3228357,301204
025301205,025,4186,39.4724957,-76.3168461,301205
025301301,025,5009,39.4345279,-76.3391472,301301
025301302,025,7700,39.4304798,-76.3173293,301302
025301401,025,7709,39.4075954,-76.35705,301401
025301402,025,2823,39.4068,-76.3320203,301402
025301601,025,6721,39.418467,-76.3107397,301601
025301602,025,7749,39.4301364,-76.2744669,301602
025301703,025,5049,39.4545628,-76.2801886,301703
025301704,025,3492,39.473609,-76.2506105,301704
025301705,025,2755,39.4806538,-76.2324627,301705
025301706,025,3078,39.4950598,-76.2242469,301706
025301707,025,3644,39.4533891,-76.2584899,301707
025302100,025,2141,39.5936555,-76.1754272,302100
025302200,025,2972,39.5576081,-76.1881416,302200
025302400,025,4099,39.4646785,-76.215865,302400
025302801,025,4436,39.5464162,-76.1532231,302801
025302802,025,4520,39.5139778,-76.183278,302802
025302901,025,2887,39.5100601,-76.1478606,302901
025302902,025,4491,39.5009116,-76.1740103,302902
025303101,025,6361,39.5886865,-76.3100076,303101
025303102,025,2864,39.5725819,-76.2636277,303102
025303201,025,5937,39.6045622,-76.379468,303201
025303203,025,3393,39.56409,-76.3669105,303203
025303204,025,4552,39.5644808,-76.3852148,303204
025303205,025,1674,39.5662241,-76.4170063,303205
025303206,025,3975,39.5497111,-76.3828243,303206
025303300,025,6834,39.5195637,-76.4177542,303300
025303400,025,4910,39.487786,-76.3780299,303400
025303501,025,7526,39.5102735,-76.343587,303501
025303502,025,3539,39.5352905,-76.3753954,303502
025303602,025,3963,39.5235557,-76.3216087,303602
025303603,025,7131,39.5592917,-76.3414252,303603
025303605,025,6338,39.5381477,-76.3156672,303605
025303606,025,3269,39.5268072,-76.3036879,303606
025303700,025,3867,39.536748,-76.2524477,303700
025303801,025,2737,39.5340241,-76.3601624,303801
025303802,025,2013,39.5498554,-76.3624054,303802
025303803,025,5292,39.544963,-76.3456761,303803
025303900,025,2383,39.5328878,-76.3356674,303900
025304101,025,4564,39.6393269,-76.4812076,304101
025304102,025,3875,39.6937457,-76.5039963,304102
025304201,025,6364,39.5612678,-76.5076903,304201
025304202,025,6821,39.5896422,-76.4579593,304202
025305100,025,7557,39.6829175,-76.341531,305100
025305200,025,2610,39.6661762,-76.2489177,305200
025305300,025,2069,39.6320877,-76.2210331,305300
025306100,025,3898,39.5502983,-76.0960982,306100
025306200,025,2174,39.5352666,-76.0897749,306200
025306300,025,3124,39.4955418,-76.0836184,306300
025306400,025,7563,39.5607963,-76.1170962,306400
025306500,025,1851,39.4170362,-76.163048,306500
027601103,027,6036,39.2069909,-76.7716912,601103
027601104,027,6605,39.2256652,-76.7612222,601104
027601105,027,5187,39.2231108,-76.8008117,601105
027601107,027,5076,39.1897017,-76.7864024,601107
027601108,027,3920,39.2020103,-76.7863987,601108
027601203,027,9282,39.1784051,-76.7637098,601203
027601204,027,7744,39.191697,-76.7426225,601204
027601205,027,4932,39.213249,-76.729699,601205
027601206,027,4353,39.2041063,-76.7179799,601206
027602100,027,9126,39.3089929,-76.8371215,602100
027602201,027,4114,39.2900228,-76.8721238,602201
027602202,027,5730,39.2856713,-76.8401195,602202
027602302,027,6876,39.2398364,-76.82262,602302
027602303,027,4287,39.2603294,-76.8741345,602303
027602304,027,5126,39.2544343,-76.8571204,602304
027602305,027,3998,39.2618893,-76.8412902,602305
027602306,027,5509,39.2621303,-76.8313748,602306
027602600,027,8281,39.2934994,-76.8071838,602600
027602700,027,5929,39.2492104,-76.7826703,602700
027602800,027,6657,39.2612909,-76.8076873,602800
027602900,027,4944,39.2828046,-76.7962154,602900
027603001,027,6883,39.3279761,-76.8942412,603001
027603003,027,4606,39.3189773,-76.9676605,603003
027603004,027,7658,39.2817149,-76.9188355,603004
027604001,027,6457,39.3359978,-77.1001861,604001
027604003,027,4111,39.308443,-77.0521284,604003
027604004,027,4442,39.2691871,-77.0473388,604004
027605103,027,5462,39.1922909,-76.9816911,605103
027605104,027,5969,39.2368836,-76.9735135,605104
027605105,027,8129,39.1594699,-76.9082857,605105
027605106,027,4690,39.1669936,-76.9418103,605106
027605401,027,5263,39.2331471,-76.8561881,605401
027605403,027,4304,39.2205423,-76.872014,605403
027605404,027,4483,39.2156031,-76.8611179,605404
027605502,027,4032,39.225717,-76.9054775,605502
027605503,027,6287,39.2276657,-76.880009,605503
027605504,027,2541,39.1972313,-76.927743,605504
027605505,027,6140,39.2064163,-76.9132713,605505
027605601,027,7494,39.2036569,-76.8941767,605601
027605602,027,8185,39.1956821,-76.8735114,605602
027606601,027,2923,39.2233722,-76.8348517,606601
027606603,027,7995,39.2087944,-76.8447419,606603
027606604,027,4593,39.2032305,-76.8267285,606604
027606606,027,5301,39.2089041,-76.8102202,606606
027606607,027,4491,39.220481,-76.8194129,606607
027606701,027,2682,39.1845223,-76.854749,606701
027606704,027,6606,39.192121,-76.8397777,606704
027606706,027,5431,39.1925079,-76.8022016,606706
027606708,027,6328,39.1765117,-76.8246671,606708
027606803,027,5794,39.1694311,-76.8669228,606803
027606804,027,3229,39.160493,-76.8389402,606804
027606805,027,5221,39.1384295,-76.8875882,606805
027606807,027,2432,39.1546499,-76.8686971,606807
027606808,027,5700,39.1452182,-76.875705,606808
027606901,027,7291,39.1514751,-76.7947026,606901
027606904,027,4495,39.1215959,-76.8308664,606904
027606905,027,7553,39.1372261,-76.8231905,606905
027606906,027,6857,39.1163844,-76.8567322,606906
027606907,027,6547,39.1210865,-76.8443057,606907
029950100,029,3529,39.3006627,-75.8425029,950100
029950200,029,4506,39.3130069,-76.0276774,950200
029950300,029,5983,39.2277772,-76.0714268,950300
029950400,029,2789,39.2037269,-76.1399156,950400
029950500,029,2391,39.0961207,-76.2194881,950500
031700101,031,4570,39.2286822,-77.1626524,700101
031700103,031,5492,39.2251306,-77.1154936,700103
031700104,031,5486,39.1893001,-77.17381,700104
031700105,031,6406,39.1753881,-77.1631963,700105
031700204,031,2103,39.3075065,-77.2187401,700204
031700206,031,5708,39.2473445,-77.1784846,700206
031700207,031,5804,39.2710465,-77.2179052,700207
031700208,031,2433,39.2905405,-77.1777758,700208
031700209,031,4451,39.233428,-77.221281,700209
031700210,031,9416,39.224043,-77.2461554,700210
031700306,031,7833,39.1703788,-77.2864135,700306
031700308,031,6221,39.1979284,-77.2779343,700308
031700309,031,5807,39.1881087,-77.2703189,700309
031700310,031,6962,39.1826275,-77.283306,700310
031700313,031,3713,39.1946701,-77.2570537,700313
031700314,031,3839,39.209673,-77.2613337,700314
031700315,031,6324,39.2433948,-77.2450077,700315
031700316,031,3851,39.2214431,-77.2720944,700316
031700317,031,6673,39.2378679,-77.3037387,700317
031700318,031,3290,39.2650337,-77.2631573,700318
031700400,031,2352,39.2138172,-77.3697452,700400
031700500,031,7196,39.1234371,-77.4397368,700500
031700604,031,6725,39.0887088,-77.3117792,700604
031700606,031,4192,39.0958132,-77.2439621,700606
031700608,031,5800,39.0580546,-77.2582656,700608
031700610,031,1938,39.1387592,-77.2520748,700610
031700611,031,5816,39.1576526,-77.32003,700611
031700613,031,6636,39.1409496,-77.2979604,700613
031700614,031,5624,39.1532437,-77.2653454,700614
031700615,031,2895,39.0993888,-77.2599373,700615
031700616,031,4573,39.1126374,-77.2504363,700616
031700617,031,2546,39.09442,-77.2254127,700617
031700618,031,5093,39.0890223,-77.2263638,700618
031700706,031,4691,39.1538746,-77.2356765,700706
031700710,031,6718,39.1446487,-77.156163,700710
031700711,031,6733,39.1342913,-77.1658884,700711
031700713,031,6081,39.1570998,-77.2011707,700713
031700715,031,6117,39.1728726,-77.1862379,700715
031700718,031,5487,39.1146622,-77.1823146,700718
031700720,031,3150,39.1493064,-77.1778676,700720
031700721,031,3200,39.1632023,-77.205747,700721
031700723,031,3756,39.1471102,-77.2025986,700723
031700724,031,3279,39.1396063,-77.2078144,700724
031700725,031,6270,39.1450647,-77.1884889,700725
031700726,031,3149,39.1489719,-77.185443,700726
031700727,031,1793,39.1376131,-77.1877298,700727
031700728,031,2043,39.1271568,-77.1761624,700728
031700729,031,2579,39.1562999,-77.1725951,700729
031700730,031,5343,39.1602733,-77.1763166,700730
031700731,031,4261,39.1334282,-77.1966015,700731
031700732,031,3361,39.125288,-77.1930288,700732
031700733,031,5480,39.1602123,-77.2187548,700733
031700810,031,5277,39.1885123,-77.2051429,700810
031700811,031,5010,39.1817227,-77.1938227,700811
031700812,031,4669,39.1698064,-77.1993066,700812
031700813,031,6353,39.1729704,-77.2135046,700813
031700815,031,8255,39.1616006,-77.2672574,700815
031700818,031,6624,39.1798565,-77.2556386,700818
031700819,031,6585,39.166638,-77.248836,700819
031700820,031,3097,39.1446815,-77.2296841,700820
031700822,031,1771,39.138353,-77.2271642,700822
031700823,031,3509,39.1335903,-77.2359227,700823
031700824,031,2872,39.1194939,-77.2453973,700824
031700826,031,5822,39.1174039,-77.2340947,700826
031700828,031,2258,39.1085173,-77.2239047,700828
031700829,031,3498,39.1269866,-77.2211774,700829
031700830,031,2376,39.1851226,-77.2448532,700830
031700832,031,3206,39.1700922,-77.2386096,700832
031700833,031,4600,39.1800898,-77.2275649,700833
031700834,031,5105,39.1886162,-77.2317358,700834
031700835,031,4388,39.1980942,-77.2273849,700835
031700836,031,1521,39.1044461,-77.214609,700836
031700837,031,7443,39.125196,-77.210064,700837
031700838,031,4720,39.1034094,-77.2024124,700838
031700839,031,4931,39.1151984,-77.1998813,700839
031700901,031,5213,39.0865869,-77.1522375,700901
031700902,031,3816,39.0896147,-77.1442283,700902
031700903,031,2377,39.0963997,-77.1278026,700903
031700904,031,4141,39.0656133,-77.1290436,700904
031700905,031,4149,39.0573474,-77.1311847,700905
031701001,031,5503,39.0639542,-77.1398562,701001
031701002,031,4089,39.0630609,-77.1661876,701002
031701004,031,5301,39.0986188,-77.1659654,701004
031701005,031,3281,39.083326,-77.1673715,701005
031701006,031,5550,39.0802814,-77.182253,701006
031701007,031,3129,39.0987809,-77.1865835,701007
031701101,031,4705,39.0801609,-77.1194308,701101
031701102,031,6167,39.0723414,-77.1243447,701102
031701201,031,6144,39.0498578,-77.0957459,701201
031701202,031,2785,39.0386325,-77.1001237,701202
031701205,031,7090,39.0418495,-77.1354132,701205
031701206,031,6579,39.0497416,-77.1676408,701206
031701210,031,3977,39.0628456,-77.1836415,701210
031701211,031,6350,39.1090766,-77.1540952,701211
031701212,031,2723,39.1206316,-77.1290395,701212
031701214,031,3718,39.0295353,-77.0984854,701214
031701215,031,4662,39.0295371,-77.116226,701215
031701216,031,5986,39.0478603,-77.1158425,701216
031701218,031,3050,39.05568,-77.1197203,701218
031701219,031,3879,39.0593842,-77.1095765,701219
031701220,031,3970,39.0686855,-77.2056504,701220
031701221,031,4491,39.087633,-77.2037745,701221
031701222,031,3784,39.0393872,-77.1168941,701222
031701223,031,3158,39.0325195,-77.1111259,701223
031701303,031,3789,39.107439,-77.0989671,701303
031701304,031,6045,39.169024,-77.0758148,701304
031701306,031,3000,39.1388468,-77.0958669,701306
031701307,031,4598,39.1611045,-77.1120004,701307
031701308,031,4234,39.1321116,-77.0607673,701308
031701312,031,6458,39.1527986,-77.0801289,701312
031701313,031,3785,39.1351468,-77.0777344,701313
031701314,031,2885,39.147117,-77.0606903,701314
031701315,031,4394,39.1585226,-77.0527544,701315
031701316,031,6480,39.1586446,-77.0066759,701316
031701317,031,4494,39.1984774,-77.0496568,701317
031701407,031,5578,39.1081025,-77.0147455,701407
031701408,031,6706,39.1262319,-76.9696305,701408
031701409,031,4361,39.1003467,-76.9522476,701409
031701414,031,7592,39.0726448,-76.9660918,701414
031701415,031,7916,39.084308299999996,-76.9894825,701415
031701417,031,6168,39.0769598,-76.9381795,701417
031701418,031,3524,39.0709656,-76.9467203,701418
031701422,031,2902,39.0829685,-76.9437971,701422
031701423,031,5118,39.0864582,-76.9382912,701423
031701424,031,3464,39.0651575,-76.9538478,701424
031701425,031,3717,39.0504895,-76.9597374,701425
031701426,031,5398,39.1131808,-76.9207785,701426
031701427,031,3468,39.1002506,-76.9157945,701427
031701503,031,7440,39.0601655,-76.9902806,701503
031701505,031,7010,39.0300467,-76.9933235,701505
031701506,031,5144,39.0548604,-77.0050149,701506
031701507,031,5133,39.0833905,-77.013595,701507
031701508,031,4142,39.0453954,-76.9770714,701508
031701509,031,7181,39.0331015,-76.9767518,701509
031701601,031,2128,39.0147267,-76.9763685,701601
031701602,031,6790,39.0107123,-76.9847238,701602
031701701,031,3524,38.9767741,-77.0074384,701701
031701702,031,2274,38.9896313,-77.0027324,701702
031701703,031,3719,38.9844888,-76.9911737,701703
031701704,031,3033,38.9758298,-76.9981538,701704
031701800,031,4869,38.9824111,-77.0121085,701800
031701900,031,3395,38.9927913,-76.9999195,701900
031702000,031,5438,38.9951964,-76.9932806,702000
031702101,031,6021,39.0084284,-76.9944183,702101
031702102,031,3406,39.0219894,-77.0047129,702102
031702200,031,4361,39.0093138,-77.0065074,702200
031702301,031,3551,39.0002187,-77.0041516,702301
031702302,031,4434,39.0094941,-77.0189819,702302
031702401,031,2722,38.9891295,-77.0086375,702401
031702402,031,4665,38.9929711,-77.0178539,702402
031702501,031,4116,38.9908535,-77.02863,702501
031702502,031,1731,38.9879974,-77.0247984,702502
031702503,031,4014,38.997102,-77.0281693,702503
031702602,031,4769,38.9936755,-77.0480743,702602
031702603,031,2186,38.9907396,-77.0314179,702603
031702604,031,2821,38.9940399,-77.0349117,702604
031702700,031,7380,38.9992707,-77.0552841,702700
031702800,031,5264,39.0059732,-77.0431441,702800
031702900,031,5439,39.0056401,-77.0277748,702900
031703000,031,1829,39.0183846,-77.021391499999993,703000
031703100,031,4481,39.0264084,-77.0220358,703100
031703201,031,7546,39.080826,-77.092528,703201
031703202,031,5780,39.0951706,-77.0938453,703202
031703206,031,3951,39.0724469,-77.0546839,703206
031703207,031,5906,39.0540685,-77.0334936,703207
031703208,031,5425,39.0527225,-77.014166,703208
031703209,031,6618,39.0389118,-77.0339921,703209
031703210,031,3760,39.0325523,-77.0141838,703210
031703213,031,6321,39.0891297,-77.0755351,703213
031703214,031,7345,39.0850135,-77.0677793,703214
031703215,031,3357,39.0846638,-77.0540058,703215
031703216,031,3889,39.0976145,-77.0705409,703216
031703218,031,1963,39.1071892,-77.071024,703218
031703219,031,3363,39.1059788,-77.0631981,703219
031703220,031,5055,39.0960373,-77.0511748,703220
031703221,031,4694,39.1089671,-77.0469507,703221
031703222,031,4737,39.0666172,-77.041078099999993,703222
031703223,031,6420,39.0805511,-77.0382996,703223
031703301,031,5064,39.0700877,-77.0936023,703301
031703302,031,4446,39.0736794,-77.0819211,703302
031703401,031,5871,39.061611,-77.079775,703401
031703402,031,4035,39.0695576,-77.0690635,703402
031703403,031,3970,39.061654,-77.0623465,703403
031703404,031,3118,39.0548319,-77.0701459,703404
031703501,031,6694,39.0533187,-77.0882029,703501
031703502,031,3108,39.0379826,-77.0818199,703502
031703601,031,4750,39.041529,-77.0693759,703601
031703602,031,2928,39.0315386,-77.0621522,703602
031703701,031,4053,39.0532841,-77.0624733,703701
031703702,031,4147,39.0486516,-77.0563037,703702
031703800,031,4126,39.03606,-77.054713,703800
031703901,031,3109,39.0202612,-77.0362582,703901
031703902,031,7469,39.0322535,-77.0397148,703902
031704000,031,7285,39.021678,-77.0544179,704000
031704100,031,4844,39.0169675,-77.0745888,704100
031704200,031,2122,39.0268367,-77.0737102,704200
031704300,031,4088,39.0231982,-77.0894389,704300
031704401,031,3664,39.0218818,-77.1147298,704401
031704403,031,1622,39.0165836,-77.1050193,704403
031704404,031,5733,39.0120658,-77.0997918,704404
031704501,031,3742,39.01776,-77.1345988,704501
031704502,031,2786,39.0089751,-77.1363213,704502
031704503,031,4247,39.00658,-77.1190762,704503
031704600,031,5255,38.9970312,-77.1177739,704600
031704700,031,3816,38.9850986,-77.1073449,704700
031704803,031,4318,38.9779198,-77.0964429,704803
031704804,031,1886,38.9834063,-77.093526,704804
031704805,031,2679,38.9865015,-77.0933803,704805
031704806,031,4531,38.9906261,-77.0980578,704806
031705000,031,5311,38.9984654,-77.0906078,705000
031705100,031,5665,38.9954347,-77.0730231,705100
031705200,031,3344,38.9837902,-77.065309,705200
031705300,031,2049,38.9698497,-77.079322199999993,705300
031705400,031,2904,38.9786948,-77.0836487,705400
031705501,031,2377,38.9607393,-77.0902928,705501
031705502,031,4097,38.9703808,-77.101874,705502
031705601,031,3057,38.9566642,-77.1006777,705601
031705602,031,4965,38.9644227,-77.0907661,705602
031705701,031,4652,38.9658091,-77.115724,705701
031705702,031,4565,38.9542113,-77.1108685,705702
031705800,031,6489,38.9660822,-77.1596982,705800
031705901,031,4501,38.9959383,-77.1411785,705901
031705902,031,4402,38.9798697,-77.1410698,705902
031705903,031,4616,38.9817886,-77.1224382,705903
031706005,031,4664,39.020103400000004,-77.1887353,706005
031706007,031,7270,39.0439125,-77.210422,706007
031706008,031,5301,38.9966198,-77.2227804,706008
031706009,031,5569,38.9959125,-77.1938101,706009
031706010,031,3147,39.0254825,-77.1669436,706010
031706011,031,5578,39.0379466,-77.1759645,706011
031706012,031,3522,39.0301126,-77.1523847,706012
031706013,031,2980,39.0095058,-77.1589988,706013
033800102,033,3129,39.1061029,-76.8569904,800102
033800103,033,2454,39.0966921,-76.8401149,800103
033800105,033,4238,39.1059782,-76.8746806,800105
033800106,033,3161,39.0953558,-76.8795704,800106
033800108,033,4351,39.0957097,-76.8603976,800108
033800109,033,3892,39.0989194,-76.8657097,800109
033800203,033,4883,39.1017126,-76.899811,800203
033800206,033,4272,39.0425507,-76.8264852,800206
033800209,033,4788,39.0865559,-76.8499027,800209
033800210,033,3689,39.0769091,-76.8552654,800210
033800211,033,3008,39.0771053,-76.8420634,800211
033800212,033,6374,39.0789014,-76.8838574,800212
033800213,033,4826,39.0861685,-76.8633956,800213
033800216,033,4392,39.0652176,-76.8696671,800216
033800217,033,4776,39.0546111,-76.849319499999993,800217
033800218,033,5612,39.0693303,-76.8592109,800218
033800401,033,2592,38.9947113,-76.7251021,800401
033800402,033,5205,38.9837933,-76.7438263,800402
033800403,033,3952,38.9981639,-76.7514702,800403
033800408,033,7307,38.9726945,-76.8073698,800408
033800409,033,6678,38.9840406,-76.7772461,800409
033800410,033,7030,39.0107193,-76.7682859,800410
033800411,033,4877,39.0245929,-76.8124995,800411
033800412,033,4807,38.9839494,-76.8433498,800412
033800413,033,4348,38.9864764,-76.8288898,800413
033800504,033,4720,38.9689221,-76.7177355,800504
033800505,033,2737,38.9581151,-76.7307043,800505
033800507,033,3967,38.9064512,-76.7062714,800507
033800511,033,5222,38.9112952,-76.729449,800511
033800513,033,6950,38.9606453,-76.7593049,800513
033800514,033,6586,38.9592889,-76.7834766,800514
033800515,033,4336,38.9456938,-76.7452951,800515
033800516,033,3889,38.9454867,-76.7288343,800516
033800517,033,5622,38.912238,-76.7643572,800517
033800518,033,4176,38.929507,-76.7691425,800518
033800519,033,3994,38.9266468,-76.7247516,800519
033800520,033,2440,38.9394397,-76.722106,800520
033800521,033,7885,38.889193,-76.7802285,800521
033800522,033,3841,38.8843063,-76.7487053,800522
033800605,033,4867,38.7982387,-76.7484697,800605
033800606,033,4778,38.8278223,-76.7622344,800606
033800607,033,6200,38.8552574,-76.7754842,800607
033800608,033,8212,38.8558523,-76.7424353,800608
033800609,033,3655,38.8418527,-76.7119581,800609
033800701,033,8802,38.8401423,-76.8240372,800701
033800704,033,5406,38.7781062,-76.7828533,800704
033800705,033,4236,38.761088,-76.7865355,800705
033800706,033,4011,38.7764948,-76.8169711,800706
033800707,033,3617,38.805245,-76.7912595,800707
033800800,033,3446,38.7107792,-76.7300104,800800
033800900,033,1626,38.6048461,-76.7242704,800900
033801003,033,6009,38.6794572,-76.8631539,801003
033801004,033,5725,38.7250838,-76.8513765,801004
033801005,033,4217,38.7565957,-76.835778,801005
033801006,033,3930,38.7571595,-76.8230132,801006
033801105,033,1367,38.8072697,-76.8897501,801105
033801106,033,1674,38.8098033,-76.8691578,801106
033801207,033,4722,38.7540356,-76.8669781,801207
033801208,033,4433,38.7471805,-76.8905647,801208
033801209,033,4523,38.7344628,-76.903318,801209
033801210,033,4253,38.7684717,-76.9235417,801210
033801211,033,3253,38.7827065,-76.9058928,801211
033801212,033,3337,38.7925306,-76.9156495,801212
033801213,033,3888,38.7747752,-76.9393047,801213
033801214,033,4234,38.7923197,-76.8505009,801214
033801215,033,2860,38.7650152,-76.8483924,801215
033801216,033,3724,38.7523033,-76.9148895,801216
033801217,033,3927,38.7651558,-76.890362,801217
033801302,033,2852,38.6741134,-77.0360274,801302
033801305,033,6143,38.7642507,-76.9718128,801305
033801307,033,3755,38.7318678,-77.0086623,801307
033801308,033,3761,38.7161564,-77.0005143,801308
033801309,033,3605,38.7102524,-77.0317003,801309
033801310,033,7058,38.6633112,-76.9831879,801310
033801311,033,8300,38.7120864,-76.9495856,801311
033801312,033,3940,38.7183053,-76.9768917,801312
033801313,033,3229,38.745892,-76.9832014,801313
033801404,033,6585,38.7909435,-77.0222938,801404
033801405,033,4865,38.7978743,-76.9902698,801405
033801406,033,3216,38.7771595,-76.9800136,801406
033801407,033,6575,38.792036,-76.949994,801407
033801408,033,3329,38.7998494,-76.9634017,801408
033801409,033,2719,38.7901087,-76.9821766,801409
033801410,033,3416,38.7564194,-77.023794,801410
033801411,033,3359,38.7700808,-77.001109,801411
033801500,033,2680,38.8034632,-77.0119692,801500
033801600,033,3054,38.8203631,-76.9964504,801600
033801701,033,4441,38.8066469,-76.9437236,801701
033801702,033,3984,38.8103778,-76.9586498,801702
033801704,033,5506,38.8234411,-76.9807272,801704
033801707,033,6882,38.8130945,-76.9848028,801707
033801709,033,5577,38.8189496,-76.9628854,801709
033801801,033,2000,38.8291686,-76.947898,801801
033801802,033,3896,38.8348674,-76.950463,801802
033801807,033,4557,38.836452800000004,-76.9705827,801807
033801808,033,3761,38.8327451,-76.9625289,801808
033801809,033,4107,38.8434318,-76.9570032,801809
033801901,033,5125,38.8083563,-76.9269322,801901
033801904,033,3547,38.8128814,-76.9058078,801904
033801905,033,6771,38.8259053,-76.9093403,801905
033801906,033,2352,38.8301626,-76.888256,801906
033801907,033,3605,38.8268937,-76.935807,801907
033801908,033,3781,38.8436057,-76.9437961,801908
033802001,033,5576,38.8401426,-76.9194955,802001
033802002,033,3714,38.8478842,-76.914964,802002
033802103,033,3202,38.8487846,-76.8906618,802103
033802104,033,2178,38.8374123,-76.87917,802104
033802106,033,4576,38.8403665,-76.8948117,802106
033802107,033,3976,38.8430099,-76.902819,802107
033802201,033,4215,38.8479982,-76.8539783,802201
033802203,033,4691,38.8520844,-76.8703467,802203
033802204,033,6185,38.871171,-76.8613977,802204
033802301,033,3688,38.8571492,-76.8906411,802301
033802404,033,4687,38.8641336,-76.8909924,802404
033802405,033,3916,38.8556709,-76.936699,802405
033802406,033,2450,38.8553465,-76.9211247,802406
033802407,033,3611,38.8593834,-76.9089053,802407
033802408,033,2320,38.8651094,-76.919751,802408
033802501,033,3231,38.8623009,-76.9448553,802501
033802502,033,2318,38.8693278,-76.930274,802502
033802600,033,3318,38.8755529,-76.9241902,802600
033802700,033,2675,38.8840144,-76.9143548,802700
033802803,033,5939,38.8738924,-76.9054707,802803
033802804,033,5689,38.8807289,-76.8789655,802804
033802805,033,5264,38.8939623,-76.8877306,802805
033802901,033,4006,38.8936958,-76.9033623,802901
033803001,033,3119,38.9025631,-76.9110876,803001
033803002,033,2791,38.9032756,-76.8954348,803002
033803100,033,2688,38.9092635,-76.916304,803100
033803200,033,2860,38.9233213,-76.8954776,803200
033803300,033,5004,38.9166861,-76.8909427,803300
033803403,033,6119,38.91772,-76.8718709,803403
033803508,033,3971,38.9257902,-76.8616682,803508
033803509,033,4175,38.9336796,-76.8810467,803509
033803512,033,6711,38.8768597,-76.8295131,803512
033803513,033,4894,38.8866395,-76.8264489,803513
033803514,033,5436,38.9042525,-76.8387812,803514
033803516,033,4887,38.9536716,-76.8174928,803516
033803519,033,6212,38.8973034,-76.8585764,803519
033803520,033,4351,38.941721,-76.821443,803520
033803521,033,7592,38.9245604,-76.8374179,803521
033803524,033,4691,38.9008183,-76.8775964,803524
033803525,033,2354,38.9096918,-76.8719606,803525
033803526,033,3496,38.8844633,-76.8055873,803526
033803527,033,3043,38.8973278,-76.8189558,803527
033803528,033,7396,38.9122985,-76.8159207,803528
033803601,033,3663,38.9398413,-76.8471941,803601
033803602,033,2220,38.9418591,-76.8672051,803602
033803605,033,7464,38.9692863,-76.8834453,803605
033803606,033,6167,38.9724116,-76.8587387,803606
033803607,033,3672,38.9655063,-76.8352854,803607
033803608,033,6581,38.9550751,-76.8506247,803608
033803610,033,3527,38.9630071,-76.880049,803610
033803612,033,3834,38.9506525,-76.8756757,803612
033803613,033,6943,38.9583217,-76.8855778,803613
033803700,033,2950,38.9433616,-76.8881511,803700
033803801,033,2872,38.945753,-76.9052779,803801
033803803,033,6062,38.9548118,-76.8973349,803803
033803900,033,4654,38.9492635,-76.921979,803900
033804001,033,5339,38.9465843,-76.9137092,804001
033804002,033,4532,38.9413687,-76.9328205,804002
033804101,033,3282,38.9268545,-76.9061209,804101
033804102,033,6888,38.9375103,-76.9009524,804102
033804200,033,2980,38.925195,-76.918844000000007,804200
033804300,033,3677,38.9256205,-76.9304323,804300
033804400,033,2922,38.9268332,-76.9438421,804400
033804600,033,3576,38.943613,-76.9552428,804600
033804700,033,3537,38.9398245,-76.9626213,804700
033804801,033,2648,38.9445014,-76.9695724,804801
033804802,033,2970,38.9497841,-76.963964,804802
033804900,033,3983,38.9508937,-76.9774185,804900
033805000,033,5906,38.9614009,-76.9828138,805000
033805101,033,4031,38.9626634,-76.9758623,805101
033805201,033,4254,38.9664183,-76.9954638,805201
033805202,033,3865,38.971338,-76.9858458,805202
033805500,033,3716,38.9797221,-76.9817825,805500
033805601,033,6373,38.990467,-76.9845267,805601
033805602,033,5555,38.9893628,-76.98076,805602
033805700,033,6610,38.993184,-76.979425,805700
033805801,033,4745,38.9783801,-76.9673917,805801
033805802,033,4387,38.9742915,-76.9744218,805802
033805904,033,3717,38.9957928,-76.968443,805904
033805906,033,3816,39.0070815,-76.974639,805906
033805907,033,3346,39.0048847,-76.9784818,805907
033805908,033,3492,38.9710564,-76.9551963,805908
033805909,033,5024,38.9777773,-76.9604189,805909
033806000,033,6345,38.9626564,-76.961756,806000
033806100,033,4574,38.9569825,-76.9549813,806100
033806400,033,3934,38.9751066,-76.9459129,806400
033806501,033,5316,38.9592228,-76.9318346,806501
033806601,033,4939,38.9570351,-76.9138813,806601
033806602,033,5814,38.9665203,-76.9105793,806602
033806706,033,4083,38.9885501,-76.8990044,806706
033806708,033,4248,39.0029852,-76.8791652,806708
033806710,033,5256,38.986222,-76.8729085,806710
033806711,033,4794,38.9843628,-76.8582378,806711
033806712,033,3300,39.0010037,-76.8555957,806712
033806713,033,4036,39.0013909,-76.9025767,806713
033806714,033,5649,39.0046859,-76.910219,806714
033806800,033,4183,38.9895238,-76.9129902,806800
033806900,033,4393,39.0128373,-76.9194234,806900
033807000,033,9219,38.9977381,-76.9282772,807000
033807102,033,2763,38.9740059,-76.9265842,807102
033807301,033,3693,39.0107603,-76.9438518,807301
033807304,033,2266,39.024978,-76.9594342,807304
033807305,033,4075,39.0121779,-76.963551,807305
033807404,033,5617,39.0368587,-76.9073024,807404
033807405,033,6459,39.0383526,-76.928309,807405
033807407,033,6708,39.0676225,-76.9228098,807407
033807408,033,5930,39.0394986,-76.8891889,807408
033807409,033,4002,39.0378008,-76.9471923,807409
033807410,033,5966,39.0450064,-76.9464217,807410
033807500,033,7321,38.9527218,-76.9413648,807500
033980000,033,15052,38.9936953,-76.9445325,980000
035810100,035,2943,39.2148211,-75.9305754,810100
035810200,035,2587,39.1537194,-75.8295151,810200
035810300,035,4795,39.1409149,-75.9786731,810300
035810400,035,6418,39.0804997,-76.0884432,810400
035810500,035,4807,39.0035509,-75.9837309,810500
035810600,035,4830,38.9442683,-76.143938,810600
035810700,035,4048,38.9463133,-76.1904268,810700
035810800,035,6212,38.999354,-76.2995616,810800
035810901,035,5614,38.940139,-76.3357899,810901
035810902,035,2910,38.8599751,-76.3645444,810902
035811000,035,4710,38.9424469,-76.2657424,811000
037875000,037,6323,38.452284,-76.702929,875000
037875100,037,5371,38.4678001,-76.7679538,875100
037875201,037,5614,38.3761541,-76.7392077,875201
037875202,037,5919,38.3660018,-76.8073577,875202
037875300,037,3263,38.2794434,-76.7687678,875300
037875400,037,6761,38.2671237,-76.6580933,875400
037875501,037,7514,38.2923429,-76.5862851,875501
037875502,037,5125,38.3369682,-76.6709802,875502
037875601,037,2369,38.3813819,-76.6650226,875601
037875602,037,7113,38.3376903,-76.5789509,875602
037875700,037,7442,38.3863201,-76.5641874,875700
037875803,037,5609,38.2848482,-76.4076612,875803
037875903,037,2619,38.254549,-76.4636152,875903
037875904,037,5216,38.2307984,-76.471137,875904
037875905,037,2738,38.2427577,-76.4066653,875905
037875906,037,5081,38.2376743,-76.4393303,875906
037876001,037,5506,38.2686378,-76.473568,876001
037876003,037,3434,38.2629076,-76.5319947,876003
037876004,037,6350,38.2895475,-76.5052167,876004
037876101,037,4781,38.173716400000004,-76.5131221,876101
037876102,037,3135,38.2151865,-76.4990438,876102
037876200,037,6494,38.1412313,-76.379472,876200
039930101,039,6345,38.2100792,-75.635673,930101
039930102,039,3977,38.2299037,-75.7378056,930102
039930200,039,1576,38.1761228,-75.8620554,930200
039930500,039,4177,38.0012844,-75.7674627,930500
039930600,039,2805,37.9994381,-75.8700247,930600
039930800,039,5740,38.1073382,-75.6974278,930800
041960100,041,4065,38.861538,-76.011766,960100
041960201,041,4375,38.8079225,-76.1507791,960201
041960300,041,3690,38.7722583,-76.0805821,960300
041960400,041,5603,38.7725445,-76.0668991,960400
041960501,041,4640,38.804693,-76.0565737,960501
041960502,041,3927,38.7410676,-76.0340094,960502
041960600,041,1805,38.7288551,-76.1871089,960600
041960700,041,3443,38.7605942,-76.2755373,960700
041960800,041,1846,38.7789942,-76.3202999,960800
041960900,041,4132,38.6563031,-76.0663998,960900
043000100,043,3513,39.6554853,-77.6999156,000100
043000200,043,4097,39.6613869,-77.7189917,000200
043000301,043,3617,39.6562567,-77.7373932,000301
043000302,043,2805,39.6494586,-77.7278474,000302
043000400,043,2198,39.6466503,-77.7208144,000400
043000500,043,5941,39.6464112,-77.7043471,000500
043000601,043,3109,39.6383627,-77.6997688,000601
043000602,043,3455,39.6189823,-77.7160456,000602
043000700,043,3041,39.6314889,-77.720447,000700
043000800,043,3481,39.6322024,-77.7281455,000800
043000900,043,3650,39.6363999,-77.7563341,000900
043001001,043,4961,39.6195063,-77.7435479,001001
043001002,043,4075,39.6149286,-77.7676712,001002
043010100,043,1088,39.6977289,-77.4945899,010100
043010200,043,4424,39.6969995,-77.5971707,010200
043010300,043,7916,39.6971768,-77.7119677,010300
043010401,043,4785,39.6880608,-77.7498273,010401
043010402,043,6075,39.6863304,-77.7769444,010402
043010600,043,5058,39.664138,-77.9737841,010600
043010700,043,3370,39.6904975,-78.2272917,010700
043010802,043,2639,39.5895516,-77.7992569,010802
043010803,043,4514,39.6177447,-77.8001103,010803
043010901,043,6495,39.5625675,-77.7648881,010901
043010902,043,3247,39.5349281,-77.80217,010902
043011000,043,5360,39.5596859,-77.7147954,011000
043011100,043,6299,39.59521,-77.6975643,011100
043011202,043,4658,39.6473052,-77.6434817,011202
043011203,043,5672,39.6289329,-77.6565432,011203
043011204,043,3775,39.635912,-77.6792365,011204
043011301,043,5118,39.6519551,-77.5525835,011301
043011302,043,3839,39.577408,-77.6277538,011302
043011400,043,6024,39.5192622,-77.6586767,011400
043011501,043,4354,39.4700178,-77.6803083,011501
043011502,043,3598,39.378041,-77.7052745,011502
043011600,043,2722,39.4488885,-77.7553407,011600
043011700,043,5732,39.66146,-77.8581811,011700
045000100,045,6002,38.3718951,-75.5828034,000100
045000200,045,1942,38.3734507,-75.5981201,000200
045000300,045,1283,38.3691595,-75.6077483,000300
045000400,045,4244,38.3556849,-75.6076889,000400
045000500,045,3217,38.3562567,-75.5922496,000500
045010101,045,7349,38.3871716,-75.5692333,010101
045010102,045,3438,38.3574766,-75.5573802,010102
045010200,045,6509,38.4011208,-75.6163962,010200
045010300,045,8338,38.3749424,-75.653973,010300
045010400,045,7600,38.3279089,-75.6367846,010400
045010501,045,5195,38.3167884,-75.6064921,010501
045010503,045,3459,38.3387011,-75.5885264,010503
045010504,045,4839,38.348243,-75.573573,010504
045010603,045,8052,38.4306622,-75.518861,010603
045010604,045,5230,38.4126148,-75.4036426,010604
045010605,045,4272,38.2995593,-75.5401107,010605
045010606,045,4240,38.3371643,-75.4180216,010606
045010701,045,3982,38.4623255,-75.7621149,010701
045010703,045,4260,38.4357444,-75.5733898,010703
045010704,045,4304,38.432515,-75.6552307,010704
045010800,045,5833,38.3188264,-75.7974016,010800
047950000,047,1917,38.3535221,-75.0847427,950000
047950100,047,1845,38.4107064,-75.0713877,950100
047950300,047,3156,38.4381184,-75.0664141,950300
047950400,047,3394,38.3545215,-75.118088,950400
047950600,047,3122,38.3908366,-75.1495179,950600
047950700,047,2495,38.4005656,-75.1782966,950700
047950800,047,5454,38.3902408,-75.2395213,950800
047950900,047,2351,38.3538267,-75.1827704,950900
047951000,047,4584,38.3159433,-75.213277,951000
047951101,047,3569,38.3687063,-75.1470841,951101
047951102,047,3275,38.3823806,-75.1405668,951102
047951200,047,3088,38.1975549,-75.3431082,951200
047951300,047,2681,38.1618108,-75.3968682,951300
047951400,047,3129,38.1323093,-75.4918445,951400
047951500,047,4995,38.0392428,-75.590412,951500
047951700,047,3405,38.275427,-75.1518692,951700
510010100,510,3197,39.2786343,-76.5745793,010100
510010200,510,3113,39.2880851,-76.5740101,010200
510010300,510,2316,39.288365,-76.5802265,010300
510010400,510,2726,39.2781675,-76.5795274,010400
510010500,510,1790,39.2888746,-76.5858889,010500
510020100,510,1888,39.2887712,-76.5887716,020100
510020200,510,2181,39.2886357,-76.5920299,020200
510020300,510,4779,39.280861,-76.5940789,020300
510030100,510,2083,39.2894076,-76.5965752,030100
510030200,510,2944,39.2865363,-76.6022612,030200
510040100,510,6821,39.2903959,-76.6149601,040100
510040200,510,1107,39.2903223,-76.6250565,040200
510060100,510,2872,39.2946533,-76.5751514,060100
510060200,510,3266,39.2944298,-76.5806137,060200
510060300,510,1985,39.2942438,-76.5855106,060300
510060400,510,1903,39.2950986,-76.5909176,060400
510070100,510,2263,39.2998323,-76.5754298,070100
510070200,510,2948,39.2996608,-76.5810142,070200
510070300,510,882,39.2994991,-76.5859396,070300
510070400,510,1548,39.3002032,-76.592847,070400
510080101,510,3336,39.322849,-76.579024,080101
510080102,510,1902,39.3170456,-76.575892,080102
510080200,510,1154,39.311965,-76.5816166,080200
510080301,510,1549,39.3057013,-76.5820327,080301
510080302,510,2576,39.3059215,-76.576434,080302
510080400,510,966,39.3056714,-76.5861659,080400
510080500,510,1332,39.3141597,-76.5938464,080500
510080600,510,1751,39.3104188,-76.5934776,080600
510080700,510,865,39.3070324,-76.5932887,080700
510080800,510,1902,39.3036982,-76.5930531,080800
510090100,510,3661,39.3369651,-76.6036954,090100
510090200,510,2763,39.3341698,-76.5855612,090200
510090300,510,3963,39.3312288,-76.6023893,090300
510090400,510,1500,39.3227817,-76.6064912,090400
510090500,510,1685,39.3249389,-76.6012005,090500
510090600,510,2555,39.3254965,-76.5902057,090600
510090700,510,2479,39.3209223,-76.5956215,090700
510090800,510,2359,39.3155244,-76.603691,090800
510090900,510,2405,39.3084221,-76.6035994,090900
510100100,510,1934,39.3032186,-76.6047442,100100
510100200,510,2715,39.2998552,-76.6022617,100200
510100300,510,2085,39.2995112,-76.609125,100300
510110100,510,3484,39.3002458,-76.6128641,110100
510110200,510,6288,39.3014588,-76.6175056,110200
510120100,510,4880,39.3365253,-76.6165092,120100
510120201,510,1946,39.3279849,-76.6118803,120201
510120202,510,6416,39.3286922,-76.6194426,120202
510120300,510,3759,39.3199472,-76.6124858,120300
510120400,510,1928,39.3138354,-76.612384,120400
510120500,510,2293,39.3085848,-76.6140036,120500
510120600,510,2895,39.317088,-76.6175228,120600
510120700,510,2678,39.3184095,-76.623529,120700
510130100,510,2620,39.3152603,-76.6342242,130100
510130200,510,2000,39.3123177,-76.6305781,130200
510130300,510,1828,39.3123572,-76.6406686,130300
510130400,510,1624,39.3225962,-76.6448717,130400
510130600,510,3770,39.3264635,-76.6304217,130600
510130700,510,5252,39.3367186,-76.6317033,130700
510130803,510,2791,39.3402502,-76.6433643,130803
510130804,510,1986,39.3312836,-76.6384027,130804
510130805,510,1108,39.3521339,-76.6522287,130805
510130806,510,1256,39.3346113,-76.6503321,130806
510140100,510,5034,39.3077211,-76.6256874,140100
510140200,510,2256,39.303753,-76.6321873,140200
510140300,510,2047,39.3078099,-76.6361904,140300
510150100,510,2404,39.3061672,-76.6417556,150100
510150200,510,1838,39.3063661,-76.6480486,150200
510150300,510,1683,39.3070301,-76.655067,150300
510150400,510,3249,39.3124588,-76.6527287,150400
510150500,510,1460,39.3222425,-76.6601005,150500
510150600,510,2918,39.3090802,-76.6687936,150600
510150701,510,1668,39.3193301,-76.6678344,150701
510150702,510,2261,39.3128159,-76.6678751,150702
510150800,510,4230,39.3189672,-76.6778103,150800
510150900,510,3075,39.3142207,-76.6842999,150900
510151000,510,4634,39.3333561,-76.6843834,151000
510151100,510,5807,39.3303769,-76.6723437,151100
510151200,510,3340,39.3310485,-76.6598579,151200
510151300,510,3575,39.3378526,-76.6661876,151300
510160100,510,1746,39.2980892,-76.6363266,160100
510160200,510,1892,39.298715,-76.6408488,160200
510160300,510,1039,39.2985728,-76.6444023,160300
510160400,510,1612,39.2980135,-76.6481402,160400
510160500,510,3665,39.2994113,-76.655509,160500
510160600,510,2557,39.2967497,-76.6640074,160600
510160700,510,4276,39.3020563,-76.6686304,160700
510160801,510,3020,39.298094,-76.6840558,160801
510160802,510,2617,39.3002221,-76.6796308,160802
510170100,510,1520,39.2971188,-76.6227994,170100
510170200,510,2917,39.3011752,-76.6257103,170200
510170300,510,1696,39.2974131,-76.6305876,170300
510180300,510,1777,39.2873082,-76.6329977,180300
510190100,510,1626,39.2912223,-76.6418544,190100
510190200,510,1706,39.2851695,-76.6401802,190200
510190300,510,1852,39.284217,-76.644491,190300
510200100,510,1427,39.2909656,-76.6478189,200100
510200200,510,2126,39.2908711,-76.6588488,200200
510200300,510,1073,39.2839924,-76.6481864,200300
510200400,510,1125,39.2856222,-76.6558429,200400
510200500,510,2254,39.280538,-76.654003,200500
510200600,510,2325,39.284012,-76.6637324,200600
510200701,510,3910,39.2900137,-76.6807033,200701
510200702,510,1038,39.2847467,-76.6755998,200702
510200800,510,1987,39.2801762,-76.6793608,200800
510210100,510,2177,39.2766193,-76.6265676,210100
510210200,510,3012,39.2775819,-76.6395975,210200
510220100,510,5008,39.2827739,-76.6139104,220100
510230100,510,2424,39.2758115,-76.6170686,230100
510230200,510,2172,39.2740126,-76.6134847,230200
510230300,510,1617,39.2643329,-76.6193615,230300
510240100,510,3868,39.2650952,-76.587445399999993,240100
510240200,510,3269,39.2736267,-76.60028,240200
510240300,510,2251,39.2758588,-76.6105163,240300
510240400,510,2723,39.2647359,-76.5991303,240400
510250101,510,3874,39.2771141,-76.7003721,250101
510250102,510,2860,39.2773395,-76.6901916,250102
510250103,510,3770,39.2687004,-76.6776588,250103
510250203,510,1640,39.2451631,-76.6164269,250203
510250204,510,3853,39.2471578,-76.6271723,250204
510250205,510,4983,39.2506457,-76.6403025,250205
510250206,510,2671,39.2660587,-76.6622617,250206
510250207,510,2003,39.253797,-76.6279535,250207
510250301,510,2048,39.2623356,-76.6349462,250301
510250303,510,2116,39.268254,-76.6482592,250303
510250401,510,3597,39.2367295,-76.6066394,250401
510250402,510,4717,39.2307268,-76.6015251,250402
510250500,510,5142,39.2176239,-76.5823444,250500
510250600,510,23,39.2368421,-76.574832,250600
510260101,510,4671,39.343888,-76.5353622,260101
510260102,510,4823,39.33497,-76.5404207,260102
510260201,510,4944,39.329586,-76.5500474,260201
510260202,510,5438,39.3252333,-76.5566614,260202
510260203,510,2579,39.3226431,-76.5436195,260203
510260301,510,4061,39.3221262,-76.5666573,260301
510260302,510,5786,39.3170679,-76.5644287,260302
510260303,510,1305,39.3125925,-76.5604701,260303
510260401,510,3528,39.3062321,-76.5527959,260401
510260402,510,2627,39.3168618,-76.541276,260402
510260403,510,1604,39.3148057,-76.5350451,260403
510260404,510,2256,39.3000662,-76.552863,260404
510260501,510,5925,39.288347,-76.5423935,260501
510260604,510,1692,39.2786758,-76.5388371,260604
510260605,510,5080,39.2583782,-76.5496645,260605
510260700,510,3321,39.2862814,-76.5586427,260700
510260800,510,2931,39.2901606,-76.5659569,260800
510260900,510,3740,39.2832964,-76.5656399,260900
510261000,510,3084,39.2935829,-76.5708757,261000
510261100,510,2149,39.2829568,-76.570055,261100
510270101,510,1586,39.3327937,-76.5684145,270101
510270102,510,3651,39.3384113,-76.5597082,270102
510270200,510,1650,39.3406569,-76.5744298,270200
510270301,510,2931,39.3488223,-76.5722952,270301
510270302,510,1506,39.3448975,-76.5638561,270302
510270401,510,4870,39.3462013,-76.5467855,270401
510270402,510,3113,39.3512325,-76.5540354,270402
510270501,510,4249,39.3656275,-76.5361691,270501
510270502,510,4408,39.3570603,-76.5441945,270502
510270600,510,4509,39.3583436,-76.5660281,270600
510270701,510,2693,39.3699355,-76.5664561,270701
510270702,510,2261,39.3643635,-76.562741,270702
510270703,510,2738,39.3686909,-76.5542537,270703
510270801,510,3817,39.369193,-76.591257,270801
510270802,510,4647,39.3614244,-76.5928428,270802
510270803,510,5697,39.3642762,-76.580326,270803
510270804,510,2654,39.3686599,-76.6045879,270804
510270805,510,4565,39.3596241,-76.6033509,270805
510270901,510,3808,39.34997,-76.594983,270901
510270902,510,3794,39.3509521,-76.5843196,270902
510270903,510,4168,39.3426876,-76.5900973,270903
510271001,510,2033,39.3430254,-76.6050586,271001
510271002,510,3899,39.3504128,-76.604392,271002
510271101,510,2578,39.3498089,-76.616306,271101
510271102,510,4047,39.3451675,-76.620233,271102
510271200,510,6121,39.3637054,-76.6203629,271200
510271300,510,2660,39.362828,-76.6395253,271300
510271400,510,3740,39.3468547,-76.6336391,271400
510271501,510,4682,39.3642233,-76.661476,271501
510271503,510,883,39.3534054,-76.6448877,271503
510271600,510,3745,39.3432051,-76.6655877,271600
510271700,510,4523,39.351553,-76.6693332,271700
510271801,510,2654,39.3477502,-76.6834693,271801
510271802,510,2199,39.3446843,-76.677069,271802
510271900,510,3473,39.3556338,-76.6821514,271900
510272003,510,5990,39.3633286,-76.6854724,272003
510272004,510,3772,39.368612,-76.6890444,272004
510272005,510,3451,39.3686872,-76.7010065,272005
510272006,510,3761,39.3566463,-76.6965328,272006
510272007,510,4336,39.3636968,-76.7064881,272007
510280101,510,2927,39.3516279,-76.6998407,280101
510280102,510,5421,39.3411885,-76.7000831,280102
510280200,510,3965,39.3274111,-76.7016139,280200
510280301,510,3672,39.3106632,-76.7022121,280301
510280302,510,2121,39.3179241,-76.6935132,280302
510280401,510,3393,39.2970477,-76.7022192,280401
510280402,510,1456,39.2992263,-76.6903724,280402
510280403,510,4816,39.2859905,-76.7033384,280403
510280404,510,2708,39.2878046,-76.6917566,280404
510280500,510,1941,39.2951239,-76.6029382,280500
510280600,510,2951,39.2916116,-76.6329627,280600
