,district,county,population,lat,long
0,0,1.0,4426.0,38.301564040757235,-112.60509282828508
1,0,1.0,2646.0,38.35173374523227,-113.23181255293399
2,0,3.0,3498.0,41.6850469442953,-113.07633134669223
3,0,7.0,3236.0,39.57104274246576,-110.73898296438357
4,0,7.0,4211.0,39.611155164705885,-110.81916008991597
5,0,7.0,4202.0,39.598304447008545,-110.80264191709402
6,0,7.0,4010.0,39.65122855487465,-110.96258806211699
7,0,7.0,4753.0,39.59333894494382,-110.58774730477528
8,0,9.0,935.0,40.92017768021108,-109.55217414617414
9,0,13.0,3994.0,40.21650712788296,-110.52896888330464
10,0,13.0,2888.0,40.29999086067416,-109.98568485168539
11,0,13.0,5619.0,40.302481147101446,-110.01240084855073
12,0,13.0,7095.0,40.30989544644809,-110.17699280510018
13,0,15.0,3844.0,39.34462993502825,-110.87842033248587
14,0,15.0,2903.0,39.24370114223301,-111.06983838592232
15,0,15.0,3078.0,39.00091329410853,-110.73503830527132
16,0,17.0,2342.0,37.763112116049385,-112.46772831234568
17,0,17.0,2741.0,37.842115612663754,-111.58423449257641
18,0,19.0,4676.0,38.57520497153285,-109.55029376131387
19,0,19.0,2470.0,38.53429327162162,-109.48206445
20,0,19.0,2523.0,38.75987348304721,-109.6167790581545
21,0,21.0,4434.0,37.837742087831856,-112.82541241858407
22,0,21.0,4488.0,37.75332100131579,-113.05255469342106
23,0,21.0,5294.0,37.87520328832117,-113.11526006861314
24,0,21.0,4527.0,37.78449819071207,-113.51200023271414
25,0,21.0,5031.0,37.67091284054054,-113.07396127702702
26,0,21.0,7022.0,37.708201538666664,-113.061223996
27,0,21.0,4602.0,37.697874053947366,-113.05224500526316
28,0,21.0,1980.0,37.676222226470585,-113.06124077058823
29,0,21.0,4751.0,37.63203034495413,-113.06175468899083
30,0,21.0,6609.0,37.619282254112555,-113.16082924458874
31,0,21.0,4645.0,37.674008714705884,-113.09392622941176
32,0,21.0,3906.0,37.70905109318182,-113.08437568295454
33,0,23.0,6653.0,39.71029178778281,-111.83474445294118
34,0,23.0,5133.0,39.733565841841845,-112.4234355014014
35,0,25.0,2392.0,37.31279208586859,-112.35033962817282
36,0,25.0,5275.0,37.071123675,-112.51139173082191
37,0,27.0,5040.0,39.383788773798074,-112.46410685576923
38,0,27.0,2918.0,39.15024330553991,-113.26093280741784
39,0,27.0,5017.0,38.92912899965318,-112.47727003988439
40,0,31.0,1438.0,38.33120117444169,-112.13185211761787
41,0,35.0,3562.0,40.73530420694444,-111.7555934013889
42,0,35.0,7886.0,40.527024342105264,-112.07442332982455
43,0,35.0,5403.0,40.7088356969697,-112.07869762727273
44,0,35.0,6039.0,40.69969799787234,-112.0780231212766
45,0,35.0,7667.0,40.690281606944446,-112.0773794625
46,0,35.0,4888.0,40.72929658545455,-112.09886052090908
47,0,35.0,5272.0,40.69760738,-112.098623544
48,0,35.0,4119.0,40.62123406,-112.0709909709091
49,0,35.0,10724.0,40.59921406590909,-112.04347313636363
50,0,37.0,3595.0,37.183674913148145,-109.35616832444444
51,0,37.0,2482.0,37.06611488721804,-110.28791716015037
52,0,37.0,3562.0,38.05870251227496,-109.28662672798691
53,0,37.0,4879.0,37.55037495126582,-109.60273043765822
54,0,39.0,4575.0,39.505474209116024,-111.44842814143647
55,0,39.0,3579.0,39.63692633913043,-111.42804178461539
56,0,39.0,4138.0,39.583369100615386,-111.60547124769231
57,0,39.0,5580.0,39.173369935164835,-111.83186823736264
58,0,39.0,1767.0,39.351289073913044,-111.59998134347826
59,0,39.0,4174.0,39.35344169726027,-111.56620591780822
60,0,39.0,4624.0,39.19932448529412,-111.59749276390374
61,0,41.0,4603.0,38.94847511867612,-111.8239979962175
62,0,41.0,2624.0,38.707418729764065,-111.86924991179673
63,0,41.0,5054.0,38.76818477419355,-112.09576915225806
64,0,41.0,4099.0,38.753894936923075,-112.08481440564103
65,0,41.0,5142.0,38.62886993226667,-112.1695071832
66,0,43.0,2269.0,41.023427406629835,-111.33670428232044
67,0,43.0,1308.0,40.74513427083333,-111.43900304166667
68,0,43.0,2222.0,40.89368268145695,-111.26941971192053
69,0,43.0,4438.0,40.63186689366197,-111.2763242774648
70,0,43.0,3216.0,40.70754617735849,-111.28146950943396
71,0,43.0,192.0,40.87373373240741,-110.78442746527777
72,0,43.0,3276.0,40.76169775897436,-111.57687448717948
73,0,43.0,5531.0,40.744123956923076,-111.58541811076923
74,0,43.0,2285.0,40.69217092575757,-111.55548190909091
75,0,43.0,3397.0,40.76721977739726,-111.50763112671233
76,0,43.0,5382.0,40.70939724216868,-111.52632151566264
77,0,43.0,3238.0,40.68114382857143,-111.50389465892857
78,0,43.0,1473.0,40.65010193278688,-111.51421895245902
79,0,43.0,4130.0,40.6506559079646,-111.48517024690265
80,0,45.0,1717.0,40.384027600887904,-113.19291886193119
81,0,45.0,5109.0,40.61923496451613,-112.26390876989247
82,0,45.0,6070.0,40.638634438888886,-112.30798782962962
83,0,45.0,5812.0,40.62806562,-112.30098489272727
84,0,45.0,6774.0,40.5712608159292,-112.33205204159292
85,0,45.0,3909.0,40.25745161447877,-112.3614752608108
86,0,45.0,7224.0,40.601160440952384,-112.45258752952381
87,0,45.0,6988.0,40.59285878494624,-112.46305819892473
88,0,45.0,5579.0,40.543495064935065,-112.30674325714286
89,0,45.0,2898.0,40.55634114054054,-112.28453071351352
90,0,45.0,3800.0,40.535429832098764,-112.28645496419753
91,0,45.0,2465.0,40.54610162592593,-112.27909853703704
92,0,45.0,2198.0,40.54509969,-112.28984309666667
93,0,45.0,4606.0,40.517012337333334,-112.32209429866667
94,0,45.0,3986.0,40.524595084,-112.305730062
95,0,45.0,3563.0,40.52518445,-112.28819325789473
96,0,47.0,5552.0,40.140247056590255,-109.64619911762178
97,0,47.0,4912.0,40.467186858333335,-109.32846263112745
98,0,47.0,3586.0,40.36401311290322,-109.53374423548387
99,0,47.0,5921.0,40.424360557142855,-109.60931399214286
100,0,47.0,4752.0,40.54474334488636,-109.63184660511364
101,0,47.0,3589.0,40.4584167168421,-109.52392059157894
102,0,47.0,3707.0,40.444172897222224,-109.54434784583333
103,0,47.0,3601.0,40.43751526086957,-109.52015634130434
104,0,49.0,8681.0,40.160686777857144,-111.62947033428571
105,0,49.0,3579.0,40.16960132903226,-111.61450410967741
106,0,49.0,4473.0,40.176554366666664,-111.60525857166667
107,0,49.0,2227.0,40.17091163548387,-111.59334627419355
108,0,49.0,2814.0,40.152487457142854,-111.58911669523809
109,0,49.0,4257.0,40.15678285384615,-111.5738045676923
110,0,49.0,3838.0,40.162921537037036,-111.60193439444444
111,0,49.0,2856.0,40.149410561764704,-111.60327549705882
112,0,49.0,2664.0,40.119044470588236,-111.64736822941177
113,0,49.0,4014.0,40.096768474242424,-111.63975330606061
114,0,49.0,2725.0,40.11026341206897,-111.64753363103448
115,0,49.0,3993.0,40.105745601754386,-111.63202114736842
116,0,49.0,4205.0,40.10439238461539,-111.66729355576923
117,0,49.0,3034.0,40.11461708103448,-111.6614616413793
118,0,49.0,3896.0,40.05066234468085,-111.72507349468086
119,0,49.0,5315.0,40.03365053571429,-111.74307549183673
120,0,49.0,2361.0,40.03771324864865,-111.71741926756756
121,0,49.0,3935.0,40.03414608095238,-111.72991198690477
122,0,49.0,5765.0,40.265222430254774,-112.0534968410828
123,0,49.0,7244.0,40.31295287682927,-112.00649998658537
124,0,49.0,3604.0,40.28750806329114,-112.00220033417722
125,0,49.0,5205.0,40.141696076923076,-111.57706466538461
126,0,49.0,3974.0,40.1173955171875,-111.5800623265625
127,0,49.0,2282.0,40.127852597560974,-111.63200434146341
128,0,49.0,6502.0,40.10747472098765,-111.61562819135803
129,0,49.0,4919.0,40.12677942173913,-111.60849745942029
130,0,49.0,5188.0,40.09224071578947,-111.6239118754386
131,0,49.0,3893.0,40.08977541,-111.6081052225
132,0,49.0,3555.0,40.08015175526316,-111.66185950701754
133,0,49.0,2652.0,40.04581623521127,-111.68417768028169
134,0,49.0,4745.0,40.049610234444444,-111.66288583444444
135,0,49.0,3721.0,39.96636266626506,-111.77246663373494
136,0,49.0,4410.0,40.013541531868135,-111.74503948461539
137,0,49.0,7911.0,40.00249420150754,-111.6677618316583
138,0,49.0,3687.0,40.13182083417721,-111.70561631202531
139,0,49.0,3942.0,40.04935456888889,-111.76373875
140,0,49.0,5087.0,39.983957087368424,-111.78717997684211
141,0,49.0,2109.0,39.968887563636365,-111.79067224545454
142,0,49.0,5884.0,39.9785447383812,-111.92209110522194
143,0,49.0,1094.0,40.14644359851632,-111.48029505727003
144,0,51.0,4026.0,40.37319381923775,-111.1645767860254
145,0,51.0,5016.0,40.5073468907563,-111.42074072773109
146,0,51.0,4252.0,40.50065325064935,-111.40376958441558
147,0,51.0,5236.0,40.51765540377359,-111.39887457924529
148,0,51.0,4017.0,40.487562024285715,-111.36313482142857
149,0,51.0,3976.0,40.47182360793651,-111.40740742222222
150,0,51.0,3066.0,40.50051168461538,-111.45884448131868
151,0,51.0,4121.0,40.5211913472,-111.4845750296
152,0,51.0,1058.0,40.483409258757064,-111.47376216553673
153,0,51.0,20.0,40.48301718,-111.42166306
154,0,53.0,4693.0,37.33382738443396,-113.30665306037736
155,0,53.0,3483.0,37.1843143122449,-113.05819115346938
156,0,53.0,3549.0,37.47638864464832,-113.64865610428134
157,0,53.0,6557.0,37.15686621988304,-113.5883274491228
158,0,53.0,3231.0,37.20419654162162,-113.76040602810811
159,0,53.0,7008.0,37.16358063770492,-113.68125316612021
160,0,53.0,2725.0,37.184298729069766,-113.67343265232559
161,0,53.0,2694.0,37.119994504761905,-113.64129453571428
162,0,53.0,5149.0,37.14131976055046,-113.6527275
163,0,53.0,7255.0,37.110390857894735,-113.61680724661655
164,0,53.0,1671.0,37.09894493913043,-113.62885683478261
165,0,53.0,5764.0,37.13118754285714,-113.61686238571428
166,0,53.0,5422.0,37.141558330894306,-113.62589263414634
167,0,53.0,7387.0,37.14669784114286,-113.51789173828571
168,0,53.0,5594.0,37.09412591517857,-113.48831337142857
169,0,53.0,5760.0,37.095431562222224,-113.51148695555555
170,0,53.0,6380.0,37.13529664948454,-113.49572621649484
171,0,53.0,1983.0,37.153910792156864,-113.45317541568627
172,0,53.0,4085.0,37.14914074594595,-113.29645719594595
173,0,53.0,3976.0,37.185680915873014,-113.29216540317461
174,0,53.0,5581.0,37.17847189239131,-113.36186007934782
175,0,53.0,6501.0,37.13993842840237,-113.37010739822485
176,0,53.0,4593.0,37.21038633863636,-113.2682662625
177,0,53.0,6034.0,37.11392227727273,-113.52448227613637
178,0,53.0,5901.0,37.11210079594595,-113.53749620810811
179,0,53.0,3845.0,37.113077892,-113.54983108933334
180,0,53.0,4380.0,37.10073086111111,-113.57109753888889
181,0,53.0,3847.0,37.09919296909091,-113.58325148363636
182,0,53.0,4751.0,37.10264734852941,-113.60291329117646
183,0,53.0,2927.0,37.070989568,-113.606040852
184,0,53.0,7244.0,37.041324999404765,-113.61127070833334
185,0,53.0,15965.0,37.04323778,-113.5373808826923
186,0,53.0,7249.0,37.07362280566038,-113.53486559748427
187,0,53.0,3405.0,37.07504440384616,-113.56651526923078
188,0,53.0,3690.0,37.08907575789474,-113.56536134210526
189,0,55.0,2486.0,38.336161803918365,-111.17308368065306
190,1,3.0,8037.0,41.73290562673611,-112.11172202881944
191,1,3.0,4500.0,41.703754235220124,-112.15129786226414
192,1,3.0,5746.0,41.70999513417721,-112.18296471392405
193,1,3.0,5350.0,41.60859690212766,-112.1723478355623
194,1,3.0,5311.0,41.511766694409935,-112.05010027639752
195,1,3.0,3695.0,41.516398725925924,-112.00847938641975
196,1,3.0,2620.0,41.52065637454545,-111.99640821272727
197,1,3.0,5379.0,41.49719257361111,-112.02342593750001
198,1,3.0,2893.0,41.49855950727273,-112.00925922545454
199,1,3.0,5166.0,41.426008024203824,-112.00947812993631
200,1,3.0,5471.0,41.46852202696629,-112.03238665730338
201,1,5.0,5201.0,41.9381392625,-111.81927017864584
202,1,5.0,1682.0,41.94065488181818,-111.99213040666666
203,1,5.0,4273.0,41.837938369642856,-111.84852028303571
204,1,5.0,10042.0,41.834230846853146,-111.81664311468532
205,1,5.0,2312.0,41.85999479322034,-111.96065977231639
206,1,5.0,5869.0,41.72369830769231,-111.87968132
207,1,5.0,4947.0,41.76647032769231,-111.82098639076924
208,1,5.0,4567.0,41.78635651636364,-111.79477958545455
209,1,5.0,6530.0,41.795264999145296,-111.82618688461538
210,1,5.0,5247.0,41.742337588333335,-111.843926195
211,1,5.0,6714.0,41.75964694054054,-111.84311704324324
212,1,5.0,4277.0,41.747346077272724,-111.82318746818181
213,1,5.0,4107.0,41.75326267692308,-111.82271153333333
214,1,5.0,4947.0,41.75138439176471,-111.7959631117647
215,1,5.0,3480.0,41.74732373,-111.81003774999999
216,1,5.0,4737.0,41.738160784,-111.82710226
217,1,5.0,3206.0,41.73041124634146,-111.82462404390243
218,1,5.0,2882.0,41.72092589705883,-111.85393906764706
219,1,5.0,4626.0,41.72504991764706,-111.84284009558823
220,1,5.0,5816.0,41.71001515747126,-111.82197949885058
221,1,5.0,5246.0,41.726884377922076,-111.81134978311688
222,1,5.0,6226.0,41.68402876371682,-111.81664629026548
223,1,5.0,7230.0,41.680079205982906,-111.85496202649573
224,1,5.0,7159.0,41.663361542201834,-111.95184238990825
225,1,5.0,5392.0,41.631201684761905,-111.83007552190476
226,1,5.0,4149.0,41.637871371276596,-111.86826751489362
227,1,5.0,2175.0,41.566707047169814,-111.83435625754717
228,1,5.0,115.0,41.660491469131834,-111.61832320707396
229,1,11.0,4290.0,41.04992186619718,-111.90495597464789
230,1,11.0,7390.0,41.1289635,-111.94591799736843
231,1,11.0,6064.0,41.11975630243902,-111.91489209512196
232,1,11.0,3548.0,41.109617085000004,-112.0023360025
233,1,11.0,5386.0,41.139799266666664,-112.0307502888889
234,1,11.0,5606.0,41.14660916184211,-112.04720604210526
235,1,11.0,6449.0,41.133350772727276,-112.04500694415584
236,1,11.0,4335.0,41.145294830508476,-112.07361544237288
237,1,11.0,8734.0,41.138487480701755,-112.08833600789474
238,1,11.0,8219.0,41.110259524637684,-112.07724720289855
239,1,11.0,6670.0,41.11265751097561,-112.11797542560976
240,1,11.0,5271.0,41.0844133025641,-112.06078744871795
241,1,11.0,4223.0,41.076682432432435,-112.05937817567568
242,1,11.0,6523.0,41.066754952000004,-112.076974424
243,1,11.0,2918.0,41.081011631034485,-112.03082250689656
244,1,11.0,6232.0,41.07277254423077,-112.037812175
245,1,11.0,5271.0,41.081850530357144,-112.01368664285714
246,1,11.0,5093.0,41.07538767083334,-112.02055870208333
247,1,11.0,6741.0,41.11660115138889,-112.05405704583333
248,1,11.0,5555.0,41.117418935714284,-112.03427845714286
249,1,11.0,5657.0,41.09691885833333,-112.053761925
250,1,11.0,239.0,41.098988526666666,-112.03109809333333
251,1,11.0,4972.0,41.099169548,-112.01124971
252,1,11.0,3943.0,41.11238022711864,-112.01641499322034
253,1,11.0,7086.0,41.08274968630137,-111.99473349726027
254,1,11.0,6480.0,41.09733657979798,-111.93164536565656
255,1,11.0,6377.0,41.08179846486487,-111.97118207837838
256,1,11.0,3675.0,41.097478739534886,-111.9675765860465
257,1,11.0,4513.0,41.099988204166664,-111.98327824791667
258,1,11.0,2875.0,41.09490605,-111.9895887
259,1,11.0,6701.0,41.06827660136986,-111.94523658493151
260,1,11.0,7987.0,41.05653383203884,-111.93899717184466
261,1,11.0,2596.0,41.084056233333335,-111.94082625333333
262,1,11.0,5201.0,41.08333280181818,-111.92592491272727
263,1,11.0,5835.0,41.06373235,-111.96729829166667
264,1,11.0,7994.0,41.054700888349515,-111.9880341592233
265,1,11.0,6670.0,41.04576163364486,-111.9295443364486
266,1,11.0,6436.0,41.015083380769234,-111.93033093461538
267,1,11.0,4590.0,41.02568088970588,-111.9494777882353
268,1,11.0,3889.0,41.04243952,-111.981457358
269,1,11.0,6625.0,41.02246165454545,-111.96657828545455
270,1,11.0,4517.0,41.00551791111111,-111.89837582592592
271,1,11.0,5304.0,40.98040388846154,-111.88372101153846
272,1,11.0,6615.0,40.99739233764706,-111.91729807882353
273,1,11.0,7040.0,40.97674709734513,-111.91917262920354
274,1,11.0,4723.0,40.945258994642856,-111.87733175
275,1,11.0,6955.0,40.93161753884298,-111.8941259570248
276,1,11.0,2556.0,40.916507827027026,-111.86768796216217
277,1,11.0,7585.0,40.917090695495496,-111.88141362252252
278,1,11.0,3606.0,40.87844447966101,-111.84069557966102
279,1,11.0,8413.0,40.83563716914894,-111.89638333829787
280,1,11.0,3779.0,40.847382765,-111.8832047125
281,1,11.0,4770.0,40.85008142622951,-111.89724472786885
282,1,11.0,6551.0,40.89448824880952,-111.8638289904762
283,1,11.0,5502.0,40.90022668125,-111.882661525
284,1,11.0,4218.0,40.88901441410256,-111.88209433333333
285,1,11.0,3534.0,40.876463987804875,-111.86249373170732
286,1,11.0,5052.0,40.86598880533333,-111.86247347733334
287,1,11.0,6123.0,40.87609018405797,-111.88571920144928
288,1,11.0,7142.0,40.862730586764705,-111.88352689705883
289,1,11.0,8272.0,40.847346114388486,-111.92639222302158
290,1,11.0,8446.0,40.88032210895523,-111.92590468432836
291,1,11.0,3899.0,40.87114105581395,-111.91867896046512
292,1,11.0,4130.0,40.87512660952381,-111.90337756031747
293,1,11.0,8538.0,41.03025402112676,-111.92420525070422
294,1,11.0,550.0,41.121292798913046,-111.9943104326087
295,1,29.0,6568.0,41.12255517195122,-111.70056057195121
296,1,29.0,4058.0,41.03404157395833,-111.675535353125
297,1,29.0,1669.0,41.02360473962264,-111.71487156792453
298,1,33.0,2510.0,41.672819224270356,-111.25880084623655
299,1,57.0,4586.0,41.26102461186441,-111.94980987288136
300,1,57.0,3978.0,41.25896868888889,-111.96532704222223
301,1,57.0,5420.0,41.272985320689656,-111.95995947931034
302,1,57.0,5209.0,41.28297539705882,-111.9583613117647
303,1,57.0,4805.0,41.25967051136364,-111.98050906136363
304,1,57.0,3519.0,41.2603291425,-111.9930627125
305,1,57.0,1829.0,41.23960554473684,-111.9762405368421
306,1,57.0,6255.0,41.24128580149254,-111.95751011044776
307,1,57.0,4488.0,41.24739334727273,-111.9419933090909
308,1,57.0,3270.0,41.22794579833333,-111.93880669833334
309,1,57.0,4531.0,41.22545252173913,-111.95327862826088
310,1,57.0,4200.0,41.227510984210525,-111.964191
311,1,57.0,2525.0,41.22427591428571,-111.97600790158731
312,1,57.0,2378.0,41.212085214285715,-111.97504281190476
313,1,57.0,2744.0,41.21650111176471,-111.95780465588236
314,1,57.0,3468.0,41.21097156585366,-111.95669866341464
315,1,57.0,3213.0,41.21714209516129,-111.94061078064516
316,1,57.0,4261.0,41.200603193333336,-111.94134888533334
317,1,57.0,4156.0,41.196338280357146,-111.95403621071429
318,1,57.0,3460.0,41.203964644827586,-111.96335278275862
319,1,57.0,2421.0,41.203106913333336,-111.97419216444445
320,1,57.0,1284.0,41.21372394716981,-112.0054741471698
321,1,57.0,5560.0,41.17285857704918,-111.94017406885246
322,1,57.0,3965.0,41.28717739135802,-111.84818078765431
323,1,57.0,4301.0,41.33232294121212,-111.71775743939394
324,1,57.0,4532.0,41.31921024246575,-111.9559157479452
325,1,57.0,3235.0,41.31081019056604,-111.95084613396226
326,1,57.0,4994.0,41.29655080119048,-111.95568201547619
327,1,57.0,8164.0,41.327578789814815,-111.98255257037037
328,1,57.0,5762.0,41.31441475851064,-112.00246171170213
329,1,57.0,5785.0,41.29915231168831,-111.98741156103897
330,1,57.0,4824.0,41.28427998815789,-111.979558
331,1,57.0,2363.0,41.2571948546875,-112.05599501875
332,1,57.0,3290.0,41.268555390566036,-112.00980810943396
333,1,57.0,5349.0,41.31151004516129,-112.03976887419356
334,1,57.0,6511.0,41.2958769862069,-112.05095460172414
335,1,57.0,3571.0,41.28125124247788,-112.13586477522124
336,1,57.0,2411.0,41.168851604,-112.06088870800001
337,1,57.0,4575.0,41.16977208769231,-112.07481824
338,1,57.0,3626.0,41.1585417,-112.07572522926829
339,1,57.0,4202.0,41.18990951304348,-111.99693593333333
340,1,57.0,5165.0,41.17280515274725,-112.00412398021977
341,1,57.0,6533.0,41.19115859220779,-112.0424209935065
342,1,57.0,6022.0,41.18404159078948,-112.06757900263158
343,1,57.0,4964.0,41.1753064125,-112.09311772222222
344,1,57.0,6014.0,41.170352910588235,-112.12740577294117
345,1,57.0,4639.0,41.20459345652174,-112.0751083536232
346,1,57.0,7352.0,41.2269911890625,-112.0455600921875
347,1,57.0,6958.0,41.18498211632653,-112.02949799285715
348,1,57.0,6063.0,41.16996590930233,-112.03207677093023
349,1,57.0,2606.0,41.16906708,-112.049209652
350,1,57.0,6142.0,41.15653969666667,-112.04227364111111
351,1,57.0,3168.0,41.193294120833336,-111.96870143125
352,1,57.0,6776.0,41.17691132843137,-111.95968505196079
353,1,57.0,3314.0,41.18016376857143,-111.97817683571428
354,1,57.0,5713.0,41.1672980278481,-111.98007331012658
355,1,57.0,4922.0,41.15287659193548,-111.92053655806451
356,1,57.0,6852.0,41.15328624132231,-111.94768105371901
357,2,35.0,2987.0,40.78900957826087,-111.9089793152174
358,2,35.0,1333.0,40.78993362083333,-111.88975973333334
359,2,35.0,6043.0,40.7784657,-111.94395228387097
360,2,35.0,4968.0,40.79456667727273,-111.945086975
361,2,35.0,4025.0,40.79501311764706,-111.93965690588236
362,2,35.0,5893.0,40.78716651754386,-111.92399098421053
363,2,35.0,6699.0,40.77750338,-111.92329843857142
364,2,35.0,2683.0,40.78026125,-111.89429068
365,2,35.0,2562.0,40.773652727272726,-111.89193336818181
366,2,35.0,3127.0,40.779896543999996,-111.87383823333333
367,2,35.0,1973.0,40.77273009354839,-111.8754074516129
368,2,35.0,3431.0,40.77291093103448,-111.8829128724138
369,2,35.0,3972.0,40.77221549189189,-111.86214572972973
370,2,35.0,2171.0,40.754325816666665,-111.84360176666667
371,2,35.0,4339.0,40.7632214075,-111.83310325
372,2,35.0,3288.0,40.764987158333334,-111.85686479166667
373,2,35.0,3742.0,40.75498643030303,-111.85765103030303
374,2,35.0,3582.0,40.76483270526316,-111.86676827894736
375,2,35.0,3347.0,40.754363953125,-111.866431153125
376,2,35.0,3103.0,40.76482302352941,-111.8760566764706
377,2,35.0,2837.0,40.7544371425,-111.87564748
378,2,35.0,2378.0,40.7650020625,-111.88250264999999
379,2,35.0,3153.0,40.75422307777778,-111.88360485555556
380,2,35.0,3134.0,40.768281082608695,-111.90461582608695
381,2,35.0,2062.0,40.76306565,-111.90237425000001
382,2,35.0,4391.0,40.76141347096774,-111.91752973064516
383,2,35.0,4752.0,40.753284209375,-111.9297990296875
384,2,35.0,3704.0,40.763574107317076,-111.93223484878048
385,2,35.0,5919.0,40.74512753650794,-111.92455092222222
386,2,35.0,4888.0,40.73451819473684,-111.92339204912281
387,2,35.0,5768.0,40.739817726744185,-111.89522749418605
388,2,35.0,2756.0,40.74564041276596,-111.88153093404256
389,2,35.0,4144.0,40.737601322807016,-111.87850684736841
390,2,35.0,4433.0,40.7297126983871,-111.87932617903226
391,2,35.0,4256.0,40.72931670545454,-111.86373695090909
392,2,35.0,4167.0,40.73720906590909,-111.86310492045455
393,2,35.0,4031.0,40.745832791304345,-111.8632525152174
394,2,35.0,2671.0,40.746639693333336,-111.84737886666667
395,2,35.0,2631.0,40.73784466111111,-111.84804566388888
396,2,35.0,2325.0,40.72940731875,-111.84723303125
397,2,35.0,3605.0,40.728896977551024,-111.83402345918367
398,2,35.0,3302.0,40.7374523,-111.83229775434782
399,2,35.0,2941.0,40.746161335714284,-111.83653436190477
400,2,35.0,6895.0,40.738687237878786,-111.81484847575757
401,2,35.0,2901.0,40.72643328125,-111.8196546625
402,2,35.0,2067.0,40.720405774285716,-111.82297138285715
403,2,35.0,4818.0,40.715366247540985,-111.84694263606558
404,2,35.0,5263.0,40.70906437285714,-111.85233827285714
405,2,35.0,3135.0,40.71806502941176,-111.87261855882353
406,2,35.0,5070.0,40.70589378305085,-111.81145101694915
407,2,35.0,5802.0,40.70593144090909,-111.8378303030303
408,2,35.0,3401.0,40.69185134285714,-111.84758827142858
409,2,35.0,3873.0,40.69265609090909,-111.83237950227273
410,2,35.0,6425.0,40.69297705647059,-111.80954202470588
411,2,35.0,5825.0,40.68127101518987,-111.81130803544303
412,2,35.0,3798.0,40.68067856666667,-111.84936531111111
413,2,35.0,5199.0,40.680491296153846,-111.8339487423077
414,2,35.0,5813.0,40.66757113529412,-111.83405067843137
415,2,35.0,4923.0,40.668672572727274,-111.81425248000001
416,2,35.0,4594.0,40.64753308939394,-111.82074016212121
417,2,35.0,5627.0,40.62936366,-111.81650630363636
418,2,35.0,2982.0,40.64183258,-111.85844592571428
419,2,35.0,3847.0,40.65686056981132,-111.86009646037736
420,2,35.0,3118.0,40.66098829677419,-111.84359223870968
421,2,35.0,3090.0,40.65298802857143,-111.84583963809524
422,2,35.0,3332.0,40.63566286206896,-111.84609944482759
423,2,35.0,3233.0,40.64420849333333,-111.84579139666667
424,2,35.0,2632.0,40.62817645882353,-111.84253580588235
425,2,35.0,4664.0,40.62014205,-111.84467483157894
426,2,35.0,3872.0,40.61918683636364,-111.82521513863637
427,2,35.0,6976.0,40.71557405875,-111.8826606925
428,2,35.0,2529.0,40.71584248554217,-111.89847264698795
429,2,35.0,4449.0,40.69265715,-111.8947104074074
430,2,35.0,6762.0,40.689101259375,-111.910073390625
431,2,35.0,5452.0,40.693087436842106,-111.88187705526316
432,2,35.0,4407.0,40.70054744594594,-111.87793067027027
433,2,35.0,5762.0,40.693240878846154,-111.8623967
434,2,35.0,2777.0,40.70360233902439,-111.86267791707317
435,2,35.0,4113.0,40.68186483428571,-111.86232908
436,2,35.0,3624.0,40.6698044826087,-111.86337809565218
437,2,35.0,3806.0,40.675607976,-111.874025508
438,2,35.0,4524.0,40.681725063636364,-111.88109879545455
439,2,35.0,3362.0,40.66979655151515,-111.8793856090909
440,2,35.0,4871.0,40.65636288695652,-111.87521779130435
441,2,35.0,5058.0,40.67023251388889,-111.89435859583334
442,2,35.0,5041.0,40.65830184615385,-111.91138895961538
443,2,35.0,5018.0,40.63992907878788,-111.9112264969697
444,2,35.0,4005.0,40.64004069452055,-111.89550878630136
445,2,35.0,3815.0,40.649970045714284,-111.88121730285714
446,2,35.0,3623.0,40.63659983275862,-111.87433094827587
447,2,35.0,7498.0,40.60148191733333,-111.89688985066667
448,2,35.0,4578.0,40.617966555555554,-111.898494875
449,2,35.0,6241.0,40.61789975131579,-111.91376286052632
450,2,35.0,3394.0,40.60179351851852,-111.90792025185185
451,2,35.0,4027.0,40.62625136923077,-111.88169225384615
452,2,35.0,4832.0,40.614658642857144,-111.88095941020408
453,2,35.0,2995.0,40.626421428571426,-111.86669643571429
454,2,35.0,3972.0,40.61524304444445,-111.86470617777778
455,2,35.0,6292.0,40.60302586388889,-111.882742925
456,2,35.0,6681.0,40.60207431122449,-111.86322374081632
457,2,35.0,5440.0,40.58857896231884,-111.86390189130435
458,2,35.0,3911.0,40.60615521555555,-111.84664188666667
459,2,35.0,5540.0,40.57867565479452,-111.9040311
460,2,35.0,5671.0,40.590302377049184,-111.8831809614754
461,2,35.0,6352.0,40.63150077636364,-111.97568924181819
462,2,35.0,5295.0,40.63203799423077,-111.95821127692308
463,2,35.0,4705.0,40.62361842631579,-111.94483588157895
464,2,35.0,2648.0,40.61633097241379,-111.97415479655173
465,2,35.0,5158.0,40.61537861428572,-111.95725153095238
466,2,35.0,6548.0,40.62448484181818,-111.93376350363636
467,2,35.0,4736.0,40.602680426315786,-111.9738627631579
468,2,35.0,4168.0,40.60398699,-111.95602054
469,2,35.0,5362.0,40.594560977777775,-111.93355911555555
470,2,35.0,5155.0,40.59129615,-111.94442747352942
471,2,35.0,4280.0,40.5879687195122,-111.96207244878049
472,2,35.0,4947.0,40.573290020689655,-111.99449052413793
473,2,35.0,6285.0,40.57282434354838,-111.97363838548387
474,2,35.0,7371.0,40.5725234625,-111.942879009375
475,2,35.0,7013.0,40.59476919615385,-111.99396658461538
476,2,35.0,3766.0,40.584579749090906,-111.98573706181818
477,2,35.0,4035.0,40.593765834,-112.012869904
478,2,35.0,7413.0,40.71133433116883,-111.96484232467533
479,2,35.0,5196.0,40.7002911075,-111.96421637
480,2,35.0,5111.0,40.6875487744186,-111.96873865348837
481,2,35.0,3143.0,40.690294092857144,-111.95907886785714
482,2,35.0,4900.0,40.71264390196078,-111.93422240980392
483,2,35.0,3859.0,40.706949114705886,-111.94336210882354
484,2,35.0,3993.0,40.68539503,-111.94610997
485,2,35.0,2821.0,40.693003606666664,-111.94624497333334
486,2,35.0,6787.0,40.700649288,-111.992964288
487,2,35.0,7119.0,40.68850920677966,-112.05368398813559
488,2,35.0,5049.0,40.68914543809524,-112.03618508333334
489,2,35.0,6805.0,40.68818456727273,-111.99646485636363
490,2,35.0,2808.0,40.68916793333333,-111.98207260666666
491,2,35.0,3018.0,40.70026120740741,-112.01492126666666
492,2,35.0,5980.0,40.6887661372549,-112.01344730980392
493,2,35.0,6530.0,40.70037013809524,-112.04514578095238
494,2,35.0,5951.0,40.70925703478261,-112.04520826231884
495,2,35.0,6558.0,40.67290266851852,-111.995873
496,2,35.0,7826.0,40.69168592878788,-111.92877370606061
497,2,35.0,3357.0,40.6752129825,-111.946034685
498,2,35.0,3900.0,40.674591086956525,-111.93267449565218
499,2,35.0,3417.0,40.67879110909091,-111.92192267272728
500,2,35.0,6186.0,40.655788854901964,-111.9448687137255
501,2,35.0,6757.0,40.66989275142857,-111.91781713428571
502,2,35.0,6168.0,40.65517722037037,-111.92945953518519
503,2,35.0,4101.0,40.676756403125,-111.96110069375
504,2,35.0,6493.0,40.66042602903226,-111.97601392580646
505,2,35.0,3281.0,40.66145154814815,-111.96002384074075
506,2,35.0,6102.0,40.64687486515152,-111.97687738636364
507,2,35.0,5793.0,40.64559714193548,-112.03531469032258
508,2,35.0,4241.0,40.63490598888889,-112.01449925833333
509,2,35.0,4976.0,40.62764512142857,-112.01570358333333
510,2,35.0,3259.0,40.64533566111111,-111.96247212222222
511,2,35.0,4918.0,40.64035604130435,-111.93857395434783
512,2,35.0,4201.0,40.675681741666665,-111.9818789125
513,2,35.0,3699.0,40.675590909756096,-111.97240634878048
514,2,35.0,3105.0,40.67842116551724,-112.0124267448276
515,2,35.0,4883.0,40.6724746975,-112.0155978925
516,2,35.0,5367.0,40.6278754440678,-112.0361152779661
517,2,35.0,2545.0,40.634480905555556,-112.04051324444444
518,2,35.0,4018.0,40.615393609375,-112.041984296875
519,2,35.0,4478.0,40.616546389583334,-112.01169223958334
520,2,35.0,4050.0,40.67765942195122,-112.03512926341463
521,2,35.0,3791.0,40.666261589795916,-112.03845237755102
522,2,35.0,5498.0,40.660199438666666,-111.99451737333334
523,2,35.0,4160.0,40.64406756595745,-111.9919688212766
524,2,35.0,2619.0,40.64794124666667,-111.99730600666666
525,2,35.0,5939.0,40.65823127037037,-112.01786360185186
526,2,35.0,4371.0,40.66127478703704,-112.00661901296296
527,2,35.0,4809.0,40.646501530555554,-112.0200431388889
528,2,35.0,4178.0,40.64486894137931,-112.00918701034483
529,2,35.0,4344.0,40.75825649493671,-111.89702955569621
530,2,35.0,3582.0,40.72275580869565,-111.8546008326087
531,2,35.0,5161.0,40.60735920909091,-111.92500026909092
532,2,35.0,5511.0,40.630861501785716,-111.98647681785714
533,2,35.0,2833.0,40.61962041538462,-112.00446490384616
534,2,35.0,5801.0,40.60297652162162,-112.01903619189189
535,2,35.0,7487.0,40.7288745439834,-111.98561021618258
536,2,35.0,4620.0,40.806224573076925,-111.93583782692308
537,2,35.0,3654.0,40.778815183333336,-111.85101138958333
538,2,35.0,16.0,40.779792916666665,-111.9862788
539,2,35.0,10.0,40.621502084615386,-111.9962107
540,3,35.0,5557.0,40.67247488380952,-111.78813564476191
541,3,35.0,2011.0,40.596694757692305,-111.79093748846154
542,3,35.0,2519.0,40.602892154477615,-111.71058020149253
543,3,35.0,5878.0,40.616240831884056,-111.80408433333334
544,3,35.0,3692.0,40.59543974042553,-111.80123917234043
545,3,35.0,2454.0,40.608084623529415,-111.81861150588236
546,3,35.0,4767.0,40.57199363095238,-111.8619264095238
547,3,35.0,5165.0,40.588019944871796,-111.84493336538462
548,3,35.0,5402.0,40.58310523432836,-111.8188516283582
549,3,35.0,5264.0,40.57078983246753,-111.84551868051948
550,3,35.0,3575.0,40.598916031578945,-111.81984460526316
551,3,35.0,2340.0,40.59115025,-111.82215574285715
552,3,35.0,4239.0,40.57379831694915,-111.82160598135593
553,3,35.0,3354.0,40.56582957209302,-111.82720980930233
554,3,35.0,3111.0,40.59795302954545,-111.84369772954545
555,3,35.0,3206.0,40.57574269090909,-111.8793312969697
556,3,35.0,5429.0,40.5515685884058,-111.86220968695652
557,3,35.0,5319.0,40.53655967246377,-111.86104735652174
558,3,35.0,5774.0,40.56288220657895,-111.87151203552632
559,3,35.0,5410.0,40.54773172207792,-111.84319519350649
560,3,35.0,4960.0,40.552404245,-111.81486422
561,3,35.0,5126.0,40.53454574166667,-111.82950022142857
562,3,35.0,5906.0,40.50390731060606,-111.8730917439394
563,3,35.0,3159.0,40.49582755833333,-111.897589575
564,3,35.0,7038.0,40.504463489552236,-111.84301495074627
565,3,35.0,5269.0,40.54957636,-111.88148010666667
566,3,35.0,6165.0,40.535394484810126,-111.87986712405063
567,3,35.0,5722.0,40.548391292,-111.907277562
568,3,35.0,4874.0,40.531827632183905,-111.90060659655173
569,3,35.0,5253.0,40.48715041333333,-111.95635868444444
570,3,35.0,10862.0,40.477883338235294,-111.92239746568627
571,3,35.0,5063.0,40.51434915185185,-111.87562363333333
572,3,35.0,3181.0,40.5141585,-111.88655439
573,3,35.0,5027.0,40.492481907843136,-111.86599765882353
574,3,35.0,3398.0,40.47987640416667,-111.88015518333333
575,3,35.0,6567.0,40.55111387763158,-111.94324506842105
576,3,35.0,5837.0,40.55420520882353,-111.92243186911764
577,3,35.0,6130.0,40.53010915121951,-111.97428640731707
578,3,35.0,5273.0,40.53173067857143,-111.94875050535714
579,3,35.0,7420.0,40.50954201807229,-111.97030323012048
580,3,35.0,7279.0,40.51228456567164,-111.94696079701492
581,3,35.0,5887.0,40.55801538448276,-111.98373860689655
582,3,35.0,7589.0,40.55580995454545,-111.9970583
583,3,35.0,6756.0,40.541014296470586,-112.00145201294117
584,3,35.0,5388.0,40.55157294310345,-111.96626848793103
585,3,35.0,5320.0,40.54536781428571,-111.97601367285715
586,3,35.0,4823.0,40.52881314166667,-112.00155260416666
587,3,35.0,4399.0,40.493459265,-112.0115910475
588,3,35.0,5210.0,40.50280773970588,-112.0138743764706
589,3,35.0,3726.0,40.500903364705884,-112.03246017058824
590,3,35.0,11122.0,40.51414312222222,-112.01410967350428
591,3,35.0,9861.0,40.52634752467532,-112.02553321298701
592,3,35.0,5315.0,40.5306484,-111.92906965555555
593,3,35.0,2083.0,40.51466217272727,-111.93163765454545
594,3,35.0,6431.0,40.48564287916667,-112.04756220416667
595,3,35.0,8083.0,40.48359764883721,-112.00848484186047
596,3,35.0,7272.0,40.482128342,-111.983273478
597,3,35.0,8274.0,40.55705131270718,-112.01223340883978
598,3,35.0,7033.0,40.56157555149254,-112.03235896119403
599,3,49.0,4785.0,40.3997604969697,-111.85683655555556
600,3,49.0,4323.0,40.38583235090909,-111.84763209090909
601,3,49.0,3200.0,40.407215691304344,-111.8498749
602,3,49.0,4073.0,40.40490470789474,-111.83440808421052
603,3,49.0,4751.0,40.377808423611114,-111.78050750694445
604,3,49.0,3875.0,40.40318662105263,-111.8082878631579
605,3,49.0,3747.0,40.39500282272727,-111.80750827727273
606,3,49.0,2551.0,40.38838971923077,-111.82088591538461
607,3,49.0,4088.0,40.3860266,-111.80674540566038
608,3,49.0,5843.0,40.37080374772727,-111.79035514545454
609,3,49.0,4373.0,40.36646985211268,-111.72894128732395
610,3,49.0,3288.0,40.36881585957447,-111.71283413191489
611,3,49.0,4316.0,40.35635037173913,-111.72328213913043
612,3,49.0,2203.0,40.35705350606061,-111.70605555151515
613,3,49.0,5309.0,40.370747519642855,-111.7525660625
614,3,49.0,3748.0,40.36278874814815,-111.76752356481481
615,3,49.0,5103.0,40.36080455384615,-111.75015786923078
616,3,49.0,4075.0,40.34246672702703,-111.73995199459459
617,3,49.0,4279.0,40.3446740097561,-111.71243041463414
618,3,49.0,3162.0,40.34086167352941,-111.68759714705882
619,3,49.0,6141.0,40.315692094,-111.690205902
620,3,49.0,6370.0,40.31798032142857,-111.7173961625
621,3,49.0,3948.0,40.325995272727276,-111.71381023181819
622,3,49.0,2951.0,40.330083992,-111.700707088
623,3,49.0,3127.0,40.32333923947368,-111.69234677631579
624,3,49.0,2821.0,40.33044001612903,-111.68364085483871
625,3,49.0,2325.0,40.32090495277778,-111.66556271111111
626,3,49.0,5624.0,40.30836406393443,-111.71237489672131
627,3,49.0,2694.0,40.300770428,-111.720277868
628,3,49.0,3150.0,40.300168709302326,-111.70474086511628
629,3,49.0,5559.0,40.305762979166666,-111.69231675625
630,3,49.0,3547.0,40.308138164285715,-111.67460156904762
631,3,49.0,3183.0,40.30110571875,-111.67630285
632,3,49.0,3914.0,40.29379511627907,-111.67978210465117
633,3,49.0,2776.0,40.2862343969697,-111.67959196666666
634,3,49.0,2731.0,40.279172003125,-111.704225896875
635,3,49.0,3755.0,40.28642541935484,-111.71606691612904
636,3,49.0,2967.0,40.293727457692306,-111.71879921538462
637,3,49.0,3961.0,40.289891364285715,-111.70021980714286
638,3,49.0,3574.0,40.28099170967742,-111.69112724193549
639,3,49.0,5803.0,40.266462977083336,-111.70350303333333
640,3,49.0,5201.0,40.2663304,-111.68770414489796
641,3,49.0,3677.0,40.273362974193546,-111.67736292419355
642,3,49.0,3710.0,40.2847345016129,-111.66275824032257
643,3,49.0,2321.0,40.2556363375,-111.6668531125
644,3,49.0,4011.0,40.25985455,-111.67234043181818
645,3,49.0,4191.0,40.29530170161291,-111.64775954516129
646,3,49.0,3919.0,40.27668296779661,-111.64702807627118
647,3,49.0,4632.0,40.26566032931034,-111.64686941724138
648,3,49.0,4385.0,40.25608728571429,-111.65942856666666
649,3,49.0,5380.0,40.251235385,-111.649990345
650,3,49.0,3697.0,40.25320581555555,-111.63586131777778
651,3,49.0,4282.0,40.240575152380956,-111.6371514547619
652,3,49.0,6062.0,40.24344947931034,-111.65093602758621
653,3,49.0,7141.0,40.239821202857144,-111.65116994857144
654,3,49.0,1945.0,40.23581990952381,-111.65001126190477
655,3,49.0,4063.0,40.2428765,-111.66361018709678
656,3,49.0,3357.0,40.24040133333333,-111.6710959909091
657,3,49.0,3223.0,40.238202916666665,-111.68013524583333
658,3,49.0,4206.0,40.25267758909091,-111.68840876909091
659,3,49.0,3098.0,40.24814602894737,-111.68046786578947
660,3,49.0,4520.0,40.249348616666666,-111.70806287121212
661,3,49.0,4427.0,40.23802938113207,-111.70453674339623
662,3,49.0,3314.0,40.22959831714286,-111.69153895714285
663,3,49.0,6588.0,40.303527624561404,-111.75042010877193
664,3,49.0,3869.0,40.303007466037734,-111.73495955471698
665,3,49.0,2728.0,40.28370194375,-111.7285094625
666,3,49.0,2117.0,40.27118443333333,-111.71985907916667
667,3,49.0,5502.0,40.285597635416664,-111.74189740208334
668,3,49.0,3935.0,40.21391656153846,-111.67440051538462
669,3,49.0,3683.0,40.229750956862745,-111.67092165882353
670,3,49.0,2149.0,40.233042564,-111.660445048
671,3,49.0,4218.0,40.22992908867924,-111.6492153
672,3,49.0,4975.0,40.21516378125,-111.62875432708333
673,3,49.0,2794.0,40.22660481818182,-111.63705877272727
674,3,49.0,5326.0,40.39437726153846,-111.88175204307693
675,3,49.0,7299.0,40.312443996875,-111.90511703541667
676,3,49.0,3801.0,40.33579077272727,-111.92951289393939
677,3,49.0,5723.0,40.346430139726024,-111.91034354383562
678,3,49.0,2622.0,40.354665322222225,-111.98480473777778
679,3,49.0,11715.0,40.35387259603175,-111.96064011984127
680,3,49.0,9403.0,40.37193124252874,-111.95907499425287
681,3,49.0,7132.0,40.36129327093023,-111.99617177558139
682,3,49.0,7623.0,40.39948914736842,-111.92909288157895
683,3,49.0,5299.0,40.40318358,-111.91292031285714
684,3,49.0,3542.0,40.37426349310345,-111.92089391034483
685,3,49.0,3115.0,40.37855595333333,-111.89835050666667
686,3,49.0,6391.0,40.37582232173913,-111.87467880326086
687,3,49.0,4394.0,40.43184007659575,-111.89646792978724
688,3,49.0,5147.0,40.417249875,-111.89773247083333
689,3,49.0,4250.0,40.37155689795918,-111.85848702244898
690,3,49.0,5060.0,40.3619205251497,-111.80878848023953
691,3,49.0,4378.0,40.249528158536584,-111.87152707967479
692,3,49.0,4107.0,40.44774161666667,-111.79265931833334
693,3,49.0,5649.0,40.445572760273976,-111.76877264246575
694,3,49.0,5868.0,40.40359155673077,-111.7518037875
695,3,49.0,3898.0,40.46781708372093,-111.76870512558139
696,3,49.0,9953.0,40.44403869302326,-111.88055357286822
697,3,49.0,3240.0,40.398996475,-111.76310665681818
698,3,49.0,3544.0,40.42595581451613,-111.84004272580646
699,3,49.0,7135.0,40.4510273490566,-111.81804985849057
700,3,49.0,5704.0,40.42248686153846,-111.79017453846154
701,3,49.0,6336.0,40.42352091558442,-111.76004
702,3,49.0,2032.0,40.426364608,-111.873416796
703,3,49.0,7105.0,40.422895488095236,-111.85886475952381
704,3,49.0,2489.0,40.424738776,-111.816978632
705,3,49.0,3619.0,40.4150511537037,-111.8179386148148
706,3,49.0,4188.0,40.382078588,-111.761186856
707,3,49.0,3751.0,40.3814590925,-111.7393939175
708,3,49.0,5310.0,40.39105295633803,-111.78437975774648
709,3,49.0,2035.0,40.2593458,-111.64126247777777
710,3,49.0,3707.0,40.21457283478261,-111.6584844594203
711,3,49.0,320.0,40.23100304166667,-111.63105845
712,3,49.0,1616.0,40.20848947647059,-111.63489007941176
